grossier	3
devenir	25
commenter	17
succession	4
accidentellement	26
reporter	5
évolution	12
chine	11
substance	10
karim	14
vigi	14
étoile	8
rythmé	27
uzeel	5
unir	30
elbaz	9
exploser	4
sortie	3
sortir	18
déclencher	3
commentaire	19
rayon	3
angleterre	3
machine	9
zorbb	11
réalisateur	6
méchant	4
dinosaure	7
consacrer	23
combler	4
sentir	18
céleste	5
défiler	3
peur	7
boire	3
planétologie	7
désormais	8
fin	3
fil	3
éloigner	5
yasmine	3
député	31
espèce	6
coronavirus	6
assurer	5
perquisition	20
adepte	8
service	5
manger	4
ahmed	10
éternel	4
affaire	29
affirmation	4
camp	3
nazca	4
dessiner	4
vigier	14
prix	3
toucher	5
louise	4
géologique	3
rick	11
rice	3
new	7
net	4
fait	9
révélation	4
épi	3
guerre	12
papou	3
traquer	3
nature	5
novembre	5
souvenir	5
demander	9
solaire	6
peintre	3
parler	52
frs	4
fry	46
penser	25
suivre	10
mexique	5
connaissance	8
évoquer	39
chili	4
dutronc	3
emploi	5
tête	58
confiance	8
empêcher	5
intituler	5
voyager	5
laboratoire	3
dépasser	3
couleur	3
contribuer	3
innocent	3
possible	19
hôtel	3
poser	11
unique	3
hassaine	11
fournir	5
auprès_de	3
officiel	4
échelle	3
théorie	14
fou	10
milliardaire	3
détester	3
descendre	3
coller	3
expérience	19
personnalité	8
société	7
sol	5
jane	7
duel	4
bourdais	3
lundi	3
elon	9
obliger	4
aliagas	4
doter	4
egypte	5
corps	17
chair	3
décoder	4
pen	6
conquête	3
geipan	4
minute	3
team	3
trompesauce	9
prévoir	3
droit	6
zemmour	9
virtuel	9
solère	14
sociologue	8
égyptien	8
bender	6
reprise	7
soutenir	4
reportage	47
edouard	3
explorer	13
convaincre	11
passionner	5
décembre	4
privé	3
course	4
avis	5
canular	6
steven	3
internet	12
ven	6
potter	3
one	5
city	55
éviter	6
aborder	5
conservateur	3
savant	6
russie	4
sophie	25
abattre	3
sam	3
perdre	9
affirmer	24
vaste	3
occidental	7
imaginer	6
entité	3
semaine	22
franz	3
comédien	12
différent	12
extra_terrestre	11
retraite	3
établir	3
cia	4
monde	131
visiteur	27
vision	4
naulleau	12
compositeur	3
lilia	11
fille	134
désert	21
bureau	5
humoriste	13
apparaître	9
apparition	16
remarquer	3
manu	5
seulement	4
armstrong	6
venir	55
former	4
isabelle	8
consultant	4
ilario	3
policier	4
situation	7
supercherie	4
transe	3
mercier	4
surveillance	8
aérospatiaux	5
thème	9
équipage	3
dimension	5
esprit	5
succès	6
dark	3
tomber	18
mulder	5
laisser	22
époque	15
tube	7
intervenir	30
télé	4
ouvrier	6
génération	8
origine	35
zerbi	6
image	43
mariage	3
mythe	11
italie	14
édition	29
gigantesque	4
répondre	12
présenter	64
chaîne	10
spatial	19
matinal	4
écrivain	23
shaun	3
terre	85
chaplapla	3
ménard	4
hanter	4
neige	3
code	6
causer	3
nord	3
ghana	3
zapping	3
projet	6
retourner	3
condition	3
sang	6
harry	3
animer	6
richard	13
apprêter	4
fleur	3
gagner	11
christophe	52
louange	4
experience	3
espace	41
atelier	7
social	5
vie	95
illustré	6
entreprise	4
mort	15
teen	49
damien	12
science	12
belge	5
endoctriner	4
information	21
imminent	5
débat	36
créature	27
signe	9
installer	6
visuel	29
boucherie	10
gadget	3
astrophysicien	10
médecine	3
blues	5
recette	13
levallois	6
fondation	6
cockpit	3
comprendre	35
rouch	4
jeu	22
tate	3
castaner	5
saint	6
babich	9
fabien	3
produit	4
déplacement	4
ramener	5
astronomie	5
brack	4
dernier	36
leçon	11
grandir	31
plat	3
virus	4
plan	14
abolition	8
produire	6
session	3
séance	4
secte	10
homosexuel	6
notamment	11
depétrini	14
médium	6
incident	82
racisme	3
recherche	39
garçon	11
sammy	5
réagir	6
environnement	29
bermudes	6
nucléaire	10
robin	50
vol	8
épais	3
belhousse	15
habiter	5
créateur	3
cuisine	7
témoin	31
mystère	11
yeti	4
orphelin	3
fabrication	3
euro	6
kelly	12
conseiller	3
réunir	4
anthropologue	5
obtenir	4
abstention	5
hôpital	5
beaugé	6
retrouver	35
conséquence	6
couple	6
victime	11
santé	5
bruit	5
marquer	5
technologie	16
alexandre	16
frère	17
composer	5
proche	3
religion	4
département	4
temple	3
article	3
méthode	5
millénaire	45
stéphane	6
bientôt	8
atterrissage	3
jacky	9
meilleur	11
observation	11
us	4
marseille	5
chat	6
psychiatre	5
menace	6
gueule	5
essai	3
tirailleur	10
décontraction	26
astronaute	40
percer	3
découverte	25
pléiade	5
millier	15
continuer	16
garder	9
race	3
apparence	7
laurence	7
ambre	48
collégien	3
londres	3
léon	3
commun	3
espion	3
loch	3
laëtitia	15
tableau	3
animal	21
intelligent	9
cristal	3
barthès	4
pyramide	12
classe	5
robot	34
septembre	4
croûte	3
ronks	5
interpeller	3
cage	3
tracer	4
temps	25
égard	3
avérer	4
david	30
façon	10
bleu	3
multiplication	5
chasseur	3
festival	8
argot	3
surprenant	4
avancé	5
malade	3
commandant	5
démonstration	5
dette	4
manon	6
bref	4
face	11
humoristique	4
rouge	10
noir	3
noix	6
jan	4
sylvie	4
montrer	24
bayrou	4
h	6
rappel	3
iranien	7
allusion	5
alessandra	3
jardin	4
freddy	5
partisan	5
tenter	59
attaquer	5
gourmaud	7
télévision	8
quitter	39
astrobiologiste	8
etc	4
inviter	34
co	4
reconstitution	3
gaspard	3
rapidement	5
seuil	7
silvio	3
lr	7
mannequin	8
ados	27
ombre	4
exoplanètes	5
site	29
raison	7
raymond	3
off	7
chinois	5
arefi	5
web	3
politique	32
asphalte	7
pied	3
oser	4
parasite	3
crise	7
parallèle	5
gainsbourg	3
géoglyphes	4
iris	5
enlèvement	7
artefact	3
alliance	16
bruxelles	3
lune	16
nommer	7
annette	3
boiter	4
apollo	3
placer	4
nouvel	5
aussitôt	3
participer	9
préserver	3
seul	18
niveau	4
inconnu	3
génétique	3
elisabeth	9
projeter	4
léger	5
tamaran	26
avril	5
mauvais	12
chef	12
eurovision	3
communauté	9
remplacer	6
associé	3
indiquer	6
télescope	3
burgdorf	3
appeler	10
énergie	8
total	3
sarah	5
oeil	8
neathia	3
divorcer	3
serpent	3
françois	23
soucoupe	15
nombre	10
pizza	43
stratégique	7
réduire	3
rire	3
fromage	3
pascal	4
adolescence	3
roland	3
généralement	3
alexis	13
musée	7
enlever	10
ange	3
responsable	6
autrement	9
séquence	8
confier	4
prendre	80
effectuer	3
minus	4
poubelle	3
livreur	43
manifester	4
état	19
plaindre	9
grave	50
1er	3
science_fiction	7
avouer	6
dupont	3
bébé	5
observer	7
déage	10
terme	3
bras	3
délicat	3
com	3
yacine	15
sceptique	4
thierry	31
cécile	3
glace	7
foucault	3
carbonnier	40
paraître	7
jerry	10
raid	15
déclaration	22
contact	20
the	11
musical	9
photo	24
transformer	11
pucine	9
sénateur	3
lci	21
développer	3
japon	5
bord	12
stellaire	4
participation	5
illustration	5
illustrer	9
horizon	7
jacques	18
imaginaire	4
pays	9
déposer	3
connaître	27
conserver	4
tesla	5
peupler	26
immortel	4
commencer	15
archive	12
attraper	3
test	3
brafman	3
sujet	31
rentrer	7
zone	11
donner	38
flash	8
expédition	3
idée	3
fragile	5
ufologue	6
partager	8
guy	7
urgentiste	12
effondrement	3
ouvrage	3
extraordinaire	5
ère	3
explosion	5
gilet	21
handicaper	3
domaine	7
ciel	28
pièce	5
angela	4
live	3
déplacer	3
éducation	3
club	4
finir	5
cas	32
cal	3
véhicule	3
discussion	15
cadre	9
cours	19
nomination	3
prêt	4
kurt	3
découvrir	46
forme	31
valérie	6
nom	10
not	3
emmener	7
lier	5
intriguer	3
james	3
capitaine	3
ex	21
album	17
marine	11
fonder	3
toulouse	12
tenir	6
souchon	3
impossible	4
message	10
gardien	5
incroyable	18
premier	53
grotte	3
engin	3
apercevoir	7
déguiser	15
ligne	12
extrême	5
zarzavatdjian	5
étrange	47
entendre	6
conflit	3
disparaître	9
secrétaire	29
bruno	20
chantal	5
amoureux	5
concert	3
chorégraphie	3
sport	10
paisible	3
repère	4
heureux	4
vrai	8
près_de	14
sébastien	3
mont	4
inexplicable	6
hybride	3
oliver	4
absence	3
tropical	77
maïa	37
elvis	3
prétexte	77
enquêter	5
nikos	4
argent	7
rapporter	7
explication	12
bourret	7
amérique	3
chiffre	8
soin	3
signification	3
soir	5
grève	3
media	5
document	3
fruit	4
tradition	6
charger	4
kantar	5
taille	4
indice	4
sportif	3
ami	22
amy	4
physicien	4
rôle	4
cisco	3
exposer	6
caverne	3
résoudre	3
héros	12
micro_trottoir	3
vilain	10
francis	3
panne	5
youn	7
vendre	10
intervention	9
cicatrice	7
loi	10
vérif	3
aérien	6
chambre	7
arabe	5
antenne	6
dimanche	3
britannique	4
peau	3
constater	5
giorgio	19
détailler	4
louis	6
bergueswood	5
clervoy	3
cosmique	4
éclater	3
aile	26
iran	19
inspirer	7
aimer	11
vidéo	19
réalité	21
gauche	5
envahir	3
visage	12
posséder	35
phrase	3
suivant	5
diffuser	10
couvrir	4
fr	6
octobre	3
invasion	8
documentaire	5
réel	6
vendredi	5
foot	4
payer	5
heavy	4
neil	4
rédacteur	3
robert	8
impertinence	3
puf	7
base	11
elysée	3
terrible	4
téléspectateur	7
gatis	3
entrée	4
véritable	12
étudiant	4
charlotte	4
sud_ouest	3
agression	3
antiquité	3
jour	25
centaine	5
hyper	6
combattre	4
émettre	5
justice	11
fiancé	3
événement	8
voler	33
fabriquer	3
égypte	8
culture	26
portrait	13
evanno	4
effet	11
exercice	7
invisible	4
gestionnaire	3
sectaire	3
sykronior	3
semoun	6
planète	61
affiche	3
docteur	8
prouver	9
particulier	7
desagnat	4
grand	55
composition	4
user	8
coup	6
marque	4
armin	6
emmanuelle	3
royaume	3
génie	8
sketch	4
pierre	24
inhabituel	4
jouer	13
opposer	4
régulièrement	3
hapsatou	11
univers	43
ségolène	4
maudit	7
ballon	6
monnet	3
info	16
présent	6
adulte	3
cryogénisé	43
sphère	3
application	6
rester	21
william	3
visite	21
structure	11
dvd	3
utiliser	19
rencontre	25
reprendre	3
inexpliqué	5
baron	4
attirer	6
procès	9
suite	18
scientologie	16
facebook	5
olaf	4
michael	8
brigitte	14
élection	13
jump	27
booth	3
cirou	4
kidnapper	4
gens	19
danger	29
gitan	14
lascar	4
glich	3
zeribi	7
enquêteur	5
volant	22
bêtisier	3
entrer	13
heure	13
diffusion	3
costume	3
maxence	3
deuxième	5
également	10
front	3
rencontrer	14
défilé	3
représentant	11
cuisinier	3
avocat	24
globe	4
cause	5
printemps	4
route	3
université	17
lancer	8
berlusconi	3
pourri	6
sacré	5
adjoint	3
adopter	29
feuilleton	3
banque	4
sy	24
liste	7
joël	4
julian	3
qualité	3
jaune	21
choisir	8
physique	8
connecter	4
chasse	3
mimosa	4
laurent	9
inde	6
médecin	19
cyril	3
réaliser	14
baser	3
boris	4
rubrique	7
trouver	32
mohammed	11
terrain	3
preuve	38
luc	32
ukrainien	11
importance	3
court	3
animateur	5
lumière	6
dominique	6
paranormal	5
genre	4
définir	3
1ère	4
immense	5
royer	3
carrière	11
examiner	16
fonds	4
époux	4
lapsus	4
schi	4
collectif	8
femme	27
éliminer	3
sandrine	5
période	3
prêtre	4
région	6
clown	3
martin	9
twitter	4
vaincre	5
vraiment	6
journal	14
rock	4
peinture	9
persuader	16
artiste	8
gérard	7
evocation	3
enfermer	5
simplement	4
général	33
complètement	5
eau	6
he	12
désir	3
générique	4
étude	17
laporte	12
faciliter	4
chercher	16
décryptage	4
maura	3
eric	43
arrêter	7
futur	6
homme	72
star	14
fois	22
stan	3
technopolis	3
aider	10
siècle	11
voie	3
voix	17
réputation	19
voir	59
aspirateur	3
légende	12
force	11
histoire	38
andré	7
chaleur	3
propre	40
aubry	7
disséminer	4
mer	3
maman	3
jamy	7
omar	13
présence	8
arme	4
type	4
estimer	3
disparition	7
dettinger	43
quotidien	14
géant	14
suggérer	13
parcours	6
traducteur	8
télérama	4
appareil	5
famille	23
vivre	33
comportement	16
pianiste	5
doux	5
furieux	3
aide	9
créer	15
langue	4
acteur	32
surprise	6
nourriture	4
galaxie	3
sauver	59
entraîner	27
attribuer	4
massif	8
attaque	9
broch	4
école	16
pluie	3
distance	5
syndicat	14
avion	8
technologique	4
terrestre	4
marin	5
don	7
souligner	3
semoule	3
métrage	3
doigt	5
julien	49
cabrol	11
voyage	24
sorte	5
continent	5
emplacement	3
confronter	5
abandonner	3
scientifique	38
aller	40
mathieu	4
dangereux	5
milieu	6
puissance	3
rahard	3
piste	5
entraîneur	9
ballestrero	7
servir	11
ancêtre	3
amour	8
théoricien	28
traiter	6
livre	40
interpréter	5
vieux	6
kid	5
contenir	6
verser	5
collignon	3
nicolas	8
royal	4
regarder	4
musique	6
cliché	3
www	5
assassiner	3
revel	12
canne	7
intégrer	3
maitre	4
carte	5
vétérinaire	3
quinquagénaire	3
super	62
magazine	12
lapin	3
lien	3
maître	9
lieu	15
personnage	7
batman	50
analyse	9
diviser	4
mystérieux	19
petit	226
tesquet	3
décider	19
handicapé	11
corbière	13
faction	4
handicap	3
dieu	14
thouanel	6
russe	3
rêver	3
mazaurette	41
laure	12
technique	8
négociation	3
olympia	3
ville	14
etats	15
international	9
henry	4
accompagner	9
voiture	7
père	16
margot	11
caville	6
refuser	7
enregistrer	5
lorenzo	3
équipe	22
appel	9
militaire	9
clain	3
agent	8
espérer	3
défi	4
clair	10
conduire	4
max	4
mai	9
gros	4
spécialiste	42
intérêt	3
police	33
azzedine	9
mail	3
main	11
prime	3
réchauffement	3
ancien	157
agir	21
étonnant	5
assurance	3
dépenser	3
fondateur	6
néandert	5
ministre	24
centrale	9
roswell	9
chanson	15
lugg	5
spectacle	9
nikola	3
situer	7
trace	10
normal	4
psychanalyste	3
extraire	112
paix	4
scolaire	3
shot	3
show	6
aventure	107
plume	6
black	4
étranger	9
nouveau	107
notoriété	3
morning	4
débarquer	12
gladieux	5
sean	3
parent	51
jt	14
mathématique	6
lopez	16
jc	3
rugby	11
tour	6
virtuellement	3
précis	3
côté	45
signaler	4
capable	10
barry	4
dessin	9
arte	3
mars	16
geronimo	3
coco	4
supergirl	3
détecter	3
destin	3
numérique	4
delage	13
ministère	6
artificiel	7
procureur	3
indépendant	4
entourer	9
starfire	26
new_yorkais	43
marabout	3
davant	10
jake	6
mot	11
christine	13
journée	7
adamo	7
titan	52
rappeler	13
avancée	4
ex_membre	11
originaire	3
cercle	9
siège	4
fils	11
citation	32
film	56
personnel	3
château	6
important	11
abriter	3
surprendre	3
récent	5
anglais	5
revenir	32
gargon	3
archéologue	3
malédiction	3
fauteuil	5
révéler	18
encel	8
curieusement	3
public	14
lecluyse	5
bible	3
agathe	12
palais	4
mi_homme	3
vaillant	4
lavoine	5
paranoïa	3
morty	6
récit	10
csa	13
août	3
rapport	10
pétronin	4
civilisation	8
acte	3
azem	5
canadien	3
chronologique	3
radar	4
beccaro	4
existence	9
scully	4
etienne	40
pollux	3
pâte	3
apprendre	8
association	11
robbie	7
porte	30
katché	4
président	33
troisième	18
hommage	4
orient	5
célèbre	6
henri	4
pâté	3
bulle	3
pilote	9
cirque	29
militant	7
travail	11
carrer	5
pari	21
part	14
daphné	3
atteindre	3
ballon_sonde	3
john	4
dossier	12
protecteur	3
gasnier	48
recevoir	29
maladie	5
thomas	5
chanter	6
fink	5
relation	9
témoignage	27
prétendre	7
accélérer	5
diriger	3
expert	11
transmettre	8
producteur	4
brillant	3
zeitoun	6
simple	4
secret	16
bien_être	7
adresse	5
caisse	3
indéniable	3
sourisville	3
puissant	9
mener	11
ingrédient	3
soeur	6
moment	14
bakugan	9
oeuvre	4
travers	13
salvatore	11
écraser	7
big	4
ressemblant	9
compte	7
exactement	3
enfance	6
ligue	3
troublant	7
sous_marin	3
tester	6
jimmy	12
dewalle	15
anonyme	5
trajectoire	3
citoyen	4
avenir	11
conseil	12
travailler	14
planet	4
carburant	7
essayer	8
championnat	3
rupestre	8
lointain	36
sevan	3
armée	8
carolin	3
invité	60
leboeuf	6
notion	3
amuser	4
amplifier	4
ennemi	3
cavale	3
océan	5
brigade	5
objet	27
scandale	3
représentation	3
barnier	3
fonction	3
lunaire	5
assister	3
talent	3
benabar	4
imion	4
train	7
échapper	4
gabriel	5
marucho	3
violence	5
terrien	34
bini	3
laurie	10
chien	10
extrait	23
acheter	4
meteo	3
recueillir	6
vivant	3
dan	6
tuer	8
assemblée	4
identifier	25
ruine	5
lfi	15
expliquer	36
réseau	10
res	3
parvenir	3
mourir	4
écriture	7
résultat	5
publier	8
écrire	12
roche	3
quatrième	3
collège	7
visiter	7
davidéjonatown	3
auproux	12
habitable	3
seines	14
min	3
salle	7
occasion	7
reconnaître	5
charles	3
brother	3
mélenchon	26
bernard	24
beau	12
sembler	16
photographe	3
cacher	19
national	5
rejoindre	4
fatou	77
explorateur	5
highland	3
brennan	3
soulever	3
langage	3
annonce	11
concours	8
parisien	7
agnès	10
thevenot	8
moyen	10
annuel	3
téléphone	5
raven	26
provoquer	84
proximité	4
kiberlain	3
système	19
matériel	4
dedile	4
extérieur	3
empreinte	4
ouvrir	3
fillon	5
adolescent	24
jésus	3
oise	15
coke	3
but	5
glory	3
lynx	3
fameux	6
monter	9
dresser	3
astronome	3
éteindre	3
favier	3
membre	33
début	8
original	5
parole	27
rue	4
tweet	3
lourd	4
aéronautique	3
coulisse	5
nain	3
air	8
masque	4
fée	3
philippe	12
studio	3
populaire	6
changer	8
julie	3
julia	6
christelle	7
appartement	4
musk	9
mois	12
naître	34
débattre	3
mr	4
mondial	6
randonneur	5
calvo	3
enquête	22
ena	3
bretagne	3
vegans	4
progrès	3
dizaine	4
plage	5
nouvelle	13
témoigner	8
mettre	25
choix	6
islamique	6
fred	6
delphine	3
jeune	63
février	5
volcanique	5
construire	15
top	6
tom	3
spécialiser	5
poétique	3
ray	5
totalement	5
émission	45
coin	4
cerveau	8
yann	8
coeur	13
manifestation	9
enceinte	4
contacter	7
radio	5
vache	3
claude	31
capacité	6
présidentiel	14
amazon	3
âge	13
sexuel	3
climatique	3
paroi	3
nécessaire	3
récemment	4
onclusive	5
mur	3
compilation	9
montagne	5
vérité	7
frontière	4
candidat	17
identique	4
xxe	5
rtbf	4
couper	4
réfugier	3
relancer	3
rédaction	3
mémoire	3
complet	3
satellite	6
proposer	16
fête	5
manquer	31
camarade	6
bande	15
zoom	4
big_bang	4
clash	4
humanité	24
gouvernement	18
psychologue	3
primitif	3
eugène	7
antique	13
civil	7
entrepreneur	11
tribune	3
dreyfus	4
mériter	3
exister	16
medium	3
amateur	5
hugues	14
voisin	4
peret	10
défense	7
implant	3
séparer	3
doute	3
actuel	14
élève	6
roi	6
coach	6
focus	5
roy	3
retour	29
passage	4
insoumis	4
valentin	17
poste	4
cnews	24
says	9
élément	11
développement	4
groupe	14
répéter	3
larme	3
spirou	6
élite	4
entier	23
humour	63
langlois	14
pêcheur	4
frédéric	34
pratique	5
pratiquer	6
boucher	11
modifier	6
mouvement	8
courir	37
trump	3
haut	22
soleil	5
antoine	23
particulièrement	4
mélange	3
nombreux	98
malaise	3
microtrottoir	3
raphaël	3
actu	8
canard	9
problème	8
duplex	8
organisation	3
conférence	4
vitesse	5
afrique	6
réponse	8
jaurès	7
obsession	3
rumeur	5
oeuf	7
apporter	11
theory	8
défier	5
place	9
george	5
droite	9
revue	10
média	13
population	4
diplomatie	9
quartier	4
cinéma	7
bugarach	3
gotham	26
animation	26
république	9
cnrs	11
bateau	3
itne	3
chanteur	13
espoir	7
trou	4
jazz	3
héberger	5
blessure	4
rmc	4
justicier	3
jeter	5
casser	3
multiplier	3
berry	5
sauvage	4
didier	8
andrew	3
saison	3
participant	3
alphabet	3
croiser	5
ness	4
statue	5
récupérer	4
capturer	4
clou	3
guider	4
rose	3
chercheur	10
résister	3
départ	45
curieux	9
culinaire	3
accepter	7
réussir	7
peuple	8
bellver	48
porter	10
accueil	3
déchiffrer	4
atout	6
of	3
doo	9
communication	5
tribu	6
débris	4
électrique	5
culturel	4
envoyer	13
réaction	3
matière	3
spécistes	3
regard	4
alain	13
hit	3
samedi	4
enseigner	4
phénomène	51
oublier	4
discours	3
ali	3
envahisseur	3
catastrophe	3
endroit	8
péril	49
fan	3
morley	4
lisa	8
khomeiny	5
entourage	3
invention	3
île	85
hasard	4
reine	5
sud	10
gund	3
importer	3
version	4
christian	10
économique	3
texte	7
prochain	4
allemagne	4
enfant	43
craquer	3
vaisseau	24
montage	3
divin	5
église	9
profiter	6
emmanuel	14
mission	8
lahiani	3
style	7
stylo	8
manière	3
bout	10
saveur	4
intérieur	9
ressembler	4
lola	5
ressentir	4
juillet	5
décor	3
benjamin	3
thévenot	3
affrontement	13
blanc	16
passer	51
ingénieur	4
manipuler	4
scooby	9
surveiller	5
dany	3
professeur	21
chaouch	10
maison	20
cigarette	3
architecte	3
fond	4
souhaiter	4
bfm	19
triangle	5
arriver	16
tourner	10
vincent	12
accueillir	7
art	6
intelligence	5
différence	5
matin	12
raconter	30
week_end	4
année	51
activité	6
bandit	6
roman	4
mêler	4
scène	5
village	9
duo	6
bertrand	9
plante	5
détruire	6
pécresse	3
bristielle	21
vallée	3
bourgeois	3
propos	13
bataille	3
électricité	4
prince	26
plateau	37
monstre	6
marian	9
campagne	5
fbi	5
luxe	4
réveiller	44
anne	22
anna	4
attal	3
jicquel	3
exemple	5
fantasio	3
yéti	3
ayatollah	5
question	31
long	13
présentation	17
gotainer	3
compagnie	8
interroger	5
nasa	14
mardi	3
simon	5
hypothèse	6
yves	18
théâtre	12
végan	6
célibat	5
folk	3
bde	3
youtubeuse	4
dubini	5
échanger	3
chose	11
ukraine	8
eglise	3
habitant	6
territoire	3
olivier	18
lrem	17
claviere	15
figure	30
lycée	3
provenir	3
patron	14
mésopotamie	3
fédération	11
intéresser	9
martine	3
elie	7
ordre	7
evelyne	3
carole	3
relater	3
watrin	11
romain	8
semer	3
porteil	3
nuit	11
belgique	3
permettre	20
tsoukalos	18
numéro	5
bois	6
polémiste	14
galley	10
amener	4
antarctique	3
vague	4
souterrain	3
pomart	15
équilibre	4
faux	4
roux	3
agence	8
chalumeau	48
centre	9
lutte	5
xavier	10
complot	4
rendre	43
filmer	8
partie	20
partir	26
arrivée	3
marier	15
chemin	6
joe	15
détail	3
énorme	4
biais	4
gildas	3
aguerri	3
riche	3
bande_annonce	3
constituer	3
disciple	23
préparer	10
géopolitique	8
mère	10
métier	3
valerie	3
timbre	3
remonter	6
camer	3
smith	3
janvier	7
synthèse	3
représenter	7
américain	32
domestique	3
morceau	4
inventeur	3
souffle	5
soirée	8
analyser	5
rare	3
nde	6
crédible	7
conquérant	26
série	39
champ	5
val	16
intention	3
delanoe	3
humain	38
précéder	3
michaël	7
roulant	5
courant	12
boon	3
atterrir	7
conclusion	3
décrire	12
fantôme	11