sécurité	7
devenir	46
doré	3
commenter	5
succession	8
humeur	5
accidentellement	26
maloney	14
reporter	5
évolution	12
chine	9
journalisme	4
substance	11
mélanie	3
naturel	3
karim	14
vigi	14
étoile	8
rythmé	82
unir	33
elbaz	9
exploser	5
menacer	6
sortie	8
sortir	27
orner	3
déclencher	5
commentaire	21
rayon	3
angleterre	3
machine	10
zorbb	11
réalisateur	10
méchant	6
dinosaure	8
dédier	5
combler	4
sentir	19
céleste	7
peur	12
boire	4
planétologie	7
désormais	9
fin	7
fil	3
surgir	5
lambert	5
éloigner	6
classe	4
yasmine	3
député	32
espèce	10
coronavirus	6
andrew	4
assurer	6
angelie	3
adepte	8
extrêmement	3
service	8
euro	8
éternel	4
affaire	25
chronique	34
affirmation	4
mokrani	9
camp	7
nazca	3
dessiner	5
relever	4
vigier	14
prix	6
ambre	52
toucher	6
louise	4
varicelle	3
géologique	3
rick	13
net	4
échange	4
révélation	4
guerre	16
nature	6
novembre	4
toilette	5
souvenir	16
accident	7
demander	21
solaire	7
benoist	3
peintre	4
union	3
parler	28
fry	53
penser	30
suivre	20
mexique	8
ariane	4
superhéros	57
connaissance	9
évoquer	47
chili	3
emploi	11
tête	123
confiance	9
empêcher	11
cosmique	9
k	3
intituler	7
big	3
voyager	5
marcher	12
lucas	7
franceinfo	6
couleur	4
gainsbourg	3
contribuer	3
innocent	3
prison	5
possible	20
unique	5
hassaine	11
fournir	8
auprès_de	4
bruit	5
théorie	16
fou	19
milliardaire	3
fox	3
détester	3
coller	3
expérience	12
délivrer	3
technologie	22
société	7
observation	11
sol	10
jane	6
voyageur	4
duel	5
partenaire	4
moderne	3
lundi	7
tarder	4
ligue	23
fabre	3
frire	3
doter	9
egypte	5
corps	25
hawaii	3
chair	4
étape	3
décoder	4
conquête	5
gepan	9
geipan	4
minute	34
team	4
trompesauce	9
prévoir	6
soupçonner	4
droit	8
badge	3
zemmour	9
habitude	3
virtuel	9
poursuivre	8
solère	14
sous_marin	7
sociologue	8
prodiguer	3
oreille	5
opposer	5
égyptien	11
sommaire	16
thèse	4
bender	7
nadia	18
reprise	9
soutenir	4
daam	18
reportage	34
edouard	3
explorer	14
convaincre	14
décembre	3
date	5
chirurgie	3
course	9
tort	3
avis	4
nation	4
possibilité	4
extraterrestre	600
internet	27
formule	4
préféré	3
parallèlement	3
covid	5
protéger	6
potter	3
one	5
city	166
williams	3
éviter	4
aborder	3
plein	101
conservateur	4
rival	3
savant	8
tendance	11
sophie	14
abattre	3
aller	79
sam	5
ignorer	3
zoo	7
cité	4
perdre	19
affirmer	23
vaste	4
semoule	3
contrôle	7
imaginer	6
semaine	28
comédien	20
différent	15
extra_terrestre	42
inattendu	15
établir	5
monde	225
roger	100
visiteur	26
vision	7
naulleau	12
compositeur	3
lilia	11
désert	28
bureau	5
humoriste	17
apparition	7
remarquer	5
manu	5
besoin	6
seulement	10
armstrong	6
benoit	3
former	32
isabelle	6
consultant	6
policier	4
situation	15
perquisition	20
twiste	28
surveillance	9
aérospatiaux	5
thème	7
équipage	8
costa	4
dimension	6
ménard	4
esprit	10
succès	14
esthétique	4
tomber	29
haffron	3
mulder	5
laisser	49
époque	26
bizarre	5
tube	8
détresse	3
intervenir	89
télé	19
ouvrier	7
schaefer	3
génération	8
origine	43
zerbi	6
perturber	3
mariage	3
survie	3
allemand	5
mythe	6
hey	5
italie	13
échouer	4
édition	40
gigantesque	7
répondre	38
inquiéter	3
présenter	61
saladier	3
chaîne	15
spatial	20
écrivain	27
shaun	3
herbe	3
terre	136
chaplapla	3
hanter	4
rechercher	3
original	5
code	6
intergalactique	5
tv	14
nord	4
criminalité	55
projet	11
retourner	10
harry	4
animer	10
richard	8
apprêter	3
fleur	3
gagner	9
christophe	54
espace	52
social	5
action	4
vie	121
illustré	4
entreprise	6
chaud	3
mort	16
néandertalien	6
sanitaire	4
teen	105
tester	10
damien	9
science	13
cosmic	3
endoctriner	4
information	20
imminent	4
bienveillant	3
débat	34
signe	11
passager	6
installer	8
visuel	31
boucherie	10
subir	6
astrophysicien	6
médecine	3
déshabiller	4
blues	3
recette	14
levallois	6
fondation	5
ouest	3
comprendre	49
clique	5
recruter	3
anecdote	3
forêt	3
ressentir	3
jeu	23
tate	3
castaner	5
terminer	3
saint	5
babich	9
interviewer	4
obama	3
diffusion	11
ramener	6
frais	5
astronomie	5
dernier	51
leçon	14
grandir	86
plat	4
virus	9
plan	26
produire	9
signification	3
session	3
ahmed	10
secte	15
homosexuel	4
manger	6
aquatique	3
notamment	11
europe	15
incident	87
pôle	5
recherche	59
garçon	23
sammy	6
connexion	4
réagir	9
environnement	31
bermudes	3
nucléaire	9
robin	161
vol	10
belhousse	15
habiter	5
cuisine	7
consacrer	22
témoin	26
mystère	17
kelly	12
réunir	4
abstention	5
hôpital	10
beaugé	6
retrouver	65
conséquence	7
format	4
couple	20
victime	15
santé	5
officiel	3
survenir	5
marquer	3
imposer	4
officier	3
personnalité	11
alexandre	18
frère	17
généralisé	4
proche	8
religion	6
département	4
temple	5
directeur	22
méthode	5
millénaire	45
télévisé	6
stéphane	8
bientôt	11
atterrissage	5
jacky	9
meilleur	15
cia	4
considérer	4
chat	8
bfmtv	9
hiver	3
réapparaître	3
psychiatre	3
menace	13
gueule	5
coda	17
essai	4
tirailleur	10
astronaute	41
discuter	3
askolovitch	3
percer	3
découverte	34
pléiade	5
chancelière	4
millier	16
continuer	18
garder	10
race	3
apparence	11
victor	4
laurence	7
libérer	4
collégien	4
inventer	6
trimestre	3
lex	8
surnaturel	3
marc	15
londres	9
véra	7
commun	4
laëtitia	15
casserole	3
sommeil	3
espion	5
honneur	3
tableau	4
animal	23
intelligent	9
cristal	3
barthès	4
pyramide	14
surprenant	6
robot	37
septembre	7
croûte	3
ronks	6
communication	9
interpeller	3
cage	4
rousseau	3
tracer	4
débuter	3
temps	27
oeil	13
égard	3
avérer	8
david	30
façon	10
bleu	5
envoyer	16
festival	9
fait	9
argot	3
avancé	6
malade	3
commandant	4
démonstration	5
erika	7
voyage	28
dette	3
manon	6
chien	17
face	19
humoristique	4
rouge	11
principal	3
noir	8
noix	7
jan	4
traquer	4
sylvie	3
petitrenaud	3
montrer	15
bayrou	4
familial	3
h	4
rappel	3
iranien	7
allusion	5
débarrasser	3
alessandra	3
jardin	5
partisan	7
tenter	100
attaquer	10
télévision	14
quitter	102
astrobiologiste	15
etc	3
inviter	55
cm	3
règle	4
rapidement	7
seuil	14
silvio	3
lr	7
identité	8
mannequin	4
ados	83
entamer	4
secrètement	4
éléphant	27
ombre	4
exoplanètes	6
site	35
raison	8
rêve	4
bugarach	3
covenant	3
arefi	5
paul	66
web	6
politique	33
asphalte	7
pied	9
oser	4
parasite	3
crise	13
flotte	4
panique	5
ballon	4
parallèle	8
britannique	6
éjecter	3
manège	11
géoglyphes	4
passion	3
iris	6
enlèvement	8
imedia	563
enquêteur	7
artefact	5
alliance	17
galley	5
catherine	25
lune	13
nommer	10
milieu	12
boiter	3
mathilde	5
placer	7
nouvel	6
aussitôt	5
participer	12
seul	28
survivre	17
niveau	4
bouleverser	4
génétique	3
elisabeth	9
projeter	6
léger	5
tamaran	81
conso	3
ballestrero	4
avril	7
mauvais	16
galaxie	8
chef	19
eurovision	3
communauté	15
remplacer	5
associé	6
servir	39
indiquer	8
appeler	15
franz	3
énergie	7
sarah	3
terrifiant	3
neathia	3
tns	3
serpent	3
indien	3
soucoupe	18
interview	89
nombre	12
pizza	44
salon	5
réduire	6
rire	13
fromage	4
pascal	5
ériger	3
adolescence	3
concevoir	3
production	3
tournage	4
alexis	13
alexia	8
nt1	3
trafic	3
musée	3
survivant	18
enlever	16
ange	4
castaneda	8
responsable	12
autrement	9
séquence	8
albert	4
confier	9
prendre	100
effectuer	5
gontier	4
minus	4
poubelle	4
livreur	43
sud	9
état	22
plaindre	10
grave	108
1er	4
isoler	3
science_fiction	5
variété	3
création	5
avouer	10
bébé	6
observer	5
w9	4
majeur	3
déage	10
introduire	3
accord	3
terme	3
auteur	56
bras	10
com	4
sceptique	3
thierry	25
davidéjonatown	3
pantoufle	4
glace	7
suffire	3
sacha	9
adversaire	4
exceptionnel	4
carbonnier	40
paraître	7
spécial	4
réserver	3
jerry	9
olympique	3
bunny	16
raid	15
pistolet	6
déclaration	25
contact	28
the	19
musical	8
poser	18
convivial	3
occuper	3
pucine	9
sénateur	3
mesure	6
bouton	4
lci	22
développer	9
épisode	6
animé	4
approcher	3
japon	5
critique	4
bord	14
stellaire	4
maîtriser	3
participation	4
illustration	5
illustrer	6
diner	5
horizon	8
jacques	6
dilemme	3
imaginaire	4
pays	9
déposer	3
profession	3
nudité	4
mensuel	3
connaître	32
mtv	3
repartir	3
conserver	4
tesla	5
peupler	26
immortel	6
commencer	28
archive	5
attraper	5
test	9
occasion	18
économie	4
brafman	3
sujet	34
rentrer	12
zone	11
donner	34
flash	9
idée	5
trouble	3
fragile	6
ufologue	5
partager	12
urgentiste	12
effondrement	3
lestrade	9
extraordinaire	9
ère	3
explosion	5
gilet	22
adresser	4
domaine	8
ciel	30
retirer	3
rassurer	3
pièce	8
angela	8
live	4
club	3
finir	73
echoué	15
cas	30
cat	3
cal	3
gaston	3
véhicule	5
discussion	13
cadre	9
cours	22
court	4
nomination	3
fontenay	3
prêt	8
kurt	3
michel	18
redoutable	3
cafard	14
découvrir	73
forme	37
valérie	15
nom	12
not	3
emmener	10
fumer	3
intriguer	4
james	3
sensuel	3
ed	3
ex	14
album	15
mensomadaire	4
carl	8
marine	14
vestige	5
arnaud	4
fonder	3
toulouse	9
tenir	7
souchon	3
impossible	4
message	19
gardien	4
éthique	3
trésor	5
incroyable	20
affronter	6
premier	67
grotte	4
mauduit	3
engin	7
apercevoir	4
déguiser	8
ligne	10
extrême	6
analyse	7
étrange	59
ferrari	3
entendre	6
conflit	4
disparaître	17
secrétaire	29
bern	3
joli	17
informatique	3
chantal	3
amoureux	7
concert	3
profond	3
sport	13
déviant	3
paisible	7
repère	4
heureux	5
cosmos	4
vrai	16
près_de	17
sébastien	7
inexplicable	8
traitement	3
hybride	7
apprentissage	3
oliver	4
tropical	79
maïa	37
informer	5
elvis	3
prétexte	80
enquêter	8
nikos	4
argent	8
rapporter	8
explication	12
élevé	3
bourret	4
amérique	3
enseignant	4
chiffre	9
elon	9
soir	19
media	10
fruit	11
tradition	6
charger	7
glacier	26
abdelhamid	4
kantar	7
taille	3
indice	6
européen	27
racisme	3
ami	39
amy	4
miracle	3
gaspard	3
rôle	9
cisco	3
exposer	5
caverne	5
résoudre	4
héros	13
guillaume	7
business	4
seine	4
micro_trottoir	6
vilain	10
central	5
panne	8
youn	9
vendre	14
remplir	3
intervention	10
clandestin	3
cicatrice	8
loi	11
vérif	3
rescapé	3
freddy	9
saler	3
aérien	6
nerh	4
chambre	11
demi_frère	3
antenne	6
juin	4
dimanche	9
fermer	3
peau	6
choisir	9
dévaster	3
gagnant	4
giorgio	19
cameron	3
daniella	5
vert	5
louis	3
aile	81
médecin	19
circuler	3
iran	18
tranquille	3
inspirer	7
aimer	16
vidéo	22
réalité	35
ven	6
elysée	4
envahir	7
visage	15
posséder	36
phrase	5
suivant	12
cassonade	3
couvrir	5
graphisme	4
fr	10
octobre	4
maéva	3
invasion	14
hiéroglyphe	3
documentaire	11
anniversaire	4
épave	3
réel	9
vendredi	9
foot	3
heavy	4
neil	4
rédacteur	6
miss	4
robert	6
beurre	4
impertinence	3
trahison	3
puf	7
pub	5
base	15
coiffure	3
piège	3
terrible	8
diffuser	28
tf1	46
téléspectateur	10
gatis	3
entrée	6
arrondissement	3
véritable	18
étudiant	4
charlotte	11
frapper	5
agression	3
karl	3
antiquité	3
jour	35
lit	4
tourisme	3
position	3
boîte	6
laroche	9
combattre	5
émettre	3
justice	11
kryptonite	3
circle	9
renaud	4
international	11
fiancé	7
événement	16
voler	89
fabriquer	5
culture	31
portrait	14
effet	14
exercice	7
genre	7
adorer	4
gestionnaire	3
sectaire	6
sykronior	3
contrat	5
imiter	3
sophia	10
créature	34
planète	159
look	3
docteur	11
particulier	9
desagnat	5
grand	81
composition	3
tellement	3
coup	11
marque	4
barack	3
armin	6
emmanuelle	6
royaume	4
signal	3
météorite	3
génie	8
pierre	22
inhabituel	5
jouer	14
rue	8
cigarette	3
désespéré	3
simulation	3
poudre	3
hapsatou	11
silence	3
ségolène	4
maudit	9
institut	8
pauline	19
info	7
naissance	3
adulte	3
cryogénisé	43
sphère	3
application	5
rester	32
désespoir	3
william	7
visite	19
structure	14
dvd	4
appel	8
utiliser	21
rencontre	27
gr	8
inexpliqué	4
jeunesse	4
supervilains	14
baron	4
attirer	7
procès	9
malheureusement	5
suite	18
scientologie	16
facebook	4
afficher	3
apprendre	11
olaf	4
michael	11
élection	14
jump	82
booth	3
cirou	3
colonel	4
kidnapper	6
micah	3
chant	4
gens	17
lumbroso	9
irène	3
danger	94
français	52
gitan	14
lascar	4
jonathan	4
bogdanov	6
glich	3
risque	5
compliquer	3
zeribi	7
recouvrir	3
volant	29
trahir	4
passionner	6
entrer	16
heure	17
costume	6
maxence	3
deuxième	4
également	19
front	3
rencontrer	25
représentant	11
drôle	4
mode	9
avocat	25
globe	5
douter	3
début	5
cause	11
routier	4
comique	3
printemps	4
route	9
université	15
lancer	21
berlusconi	3
pourri	6
mai	7
sacré	4
adjoint	3
ovni	71
adopter	86
banque	3
comporter	5
sy	24
tissu	3
liste	11
égypte	8
âge	14
julian	3
qualité	3
jaune	23
physique	4
connecter	4
chasse	4
mimosa	4
laurent	11
âgé	3
inde	5
impression	3
réaliser	22
ethan	4
courir	94
rubrique	12
trouver	57
mohammed	11
accuser	3
terrain	4
média	13
preuve	33
macron	15
luc	30
ukrainien	11
artufel	5
police	36
animateur	16
lumière	6
dominique	5
paranormal	10
correspondant	6
denise	3
immense	9
vinci	26
royer	3
kilomètre	3
carrière	10
taupe	3
examiner	16
surface	3
fonds	4
époux	5
coïncidence	3
http	3
annie	3
tatouer	3
débrouiller	3
collectif	8
femme	50
vide	3
éliminer	8
sandrine	3
prêtre	4
région	10
martin	9
twitter	6
vaincre	4
vraiment	8
charmant	4
journal	8
peinture	9
persuader	25
chance	4
artiste	9
gérard	7
citron	4
evocation	3
washington	3
yacine	15
enfermer	6
offrir	7
simplement	4
masque	4
loterie	3
général	42
complètement	6
eau	58
générique	3
étude	10
laporte	12
limit	3
faciliter	3
inconnu	11
chercher	28
décryptage	6
maura	3
eric	47
pernin	10
folie	3
offensive	3
arrêter	12
futur	9
envisager	3
entité	6
star	27
fois	80
stan	3
parole	28
co_auteur	3
cuill	3
technopolis	3
aider	15
fraise	5
siècle	12
voie	4
voix	15
réputation	20
voir	57
aspirateur	3
cnes	4
solution	8
légende	18
histoire	53
andré	4
new	14
propre	94
aubry	6
disséminer	4
porno	4
mer	7
maman	9
omar	13
cindy	5
baptiste	3
présence	9
prouver	6
arme	10
type	3
aventurier	3
ward	6
estimer	4
disparition	8
dettinger	43
absolument	4
quotidien	25
géant	19
colonie	3
suggérer	13
prévenir	3
parcours	6
traducteur	8
télérama	4
appareil	7
diddy	3
inquiétant	6
famille	37
vivre	42
comportement	17
pianiste	3
exceptionelle	6
ingérer	3
doux	3
furieux	4
aide	17
créer	24
globule	4
langue	4
acteur	37
surprise	10
nourriture	5
sauver	125
entraîner	85
enfuir	4
attribuer	4
massif	9
heureusement	4
attaque	24
école	25
résistance	4
helen	4
chroniqueur	124
pluie	4
distance	4
destructeur	3
goolbogue	3
syndicat	14
avion	11
hydronautes	4
technologique	4
observatoire	3
terrestre	15
marin	3
somme	3
urgence	3
don	10
doo	11
alvin	3
mêler	6
métrage	3
christopher	14
doigt	5
traverser	16
entretenir	4
julien	54
professionnel	3
poltergeist	3
cabrol	23
sorte	13
continent	9
emplacement	3
cousin	4
achour	3
confronter	10
abandonner	8
rendez_vous	5
scientifique	38
marmite	4
mathieu	12
dangereux	7
tina	3
regretter	3
piste	5
entraîneur	9
fuite	3
ancêtre	4
biais	3
amour	14
théoricien	28
hésiter	3
roland	6
traiter	8
livre	34
populaire	7
interpréter	5
enrayer	4
vieux	15
kid	13
neptuna	10
contenir	8
habituel	5
verser	6
collignon	3
nicolas	10
médicinal	3
royal	11
regarder	6
décalé	3
situer	6
musique	14
www	6
assassiner	3
revel	12
intégrer	3
odyssée	3
maitre	4
évident	5
carte	6
vétérinaire	3
quinquagénaire	3
super	119
renaître	3
paix	3
magazine	15
lapin	3
amusant	3
sorcier	5
lien	7
sketch	5
lier	6
maître	15
lieu	17
personnage	9
effacer	3
christelle	4
farine	4
batman	105
zarzavatdjian	4
sagan	7
diviser	4
cauchemar	5
mystérieux	29
chômage	6
petit	249
tesquet	3
décider	35
occidental	7
corbière	13
faction	4
dieu	19
russe	4
rêver	4
chrono	28
mazaurette	41
laure	54
technique	8
caunes	3
oncle	3
négociation	3
battre	4
attendre	8
olympia	4
ville	30
etats	14
guardian	4
henry	4
présent	8
accompagner	15
voiture	13
boy	59
père	33
bob	3
margot	12
caville	6
exemple	3
enregistrer	4
franck	7
univers	98
france	107
presse	8
équipe	28
militaire	25
tueur	3
clain	3
agent	13
espérer	4
défi	7
clair	7
conduire	8
merkel	5
max	5
mag	3
gros	8
johnson	3
spécialiste	40
intérêt	3
azzedine	9
mail	5
main	13
nouveau	130
réchauffement	4
ancien	163
rock	5
énigme	4
agir	31
homme	99
canada	3
jackson	3
étonnant	7
assurance	3
dépenser	3
californie	3
fondateur	7
françoise	3
ministre	28
centrale	7
roswell	6
stratégique	7
chanson	20
lugg	7
spectacle	12
20h	3
nikola	3
performance	4
canne	4
trace	27
normal	3
extraire	148
fille	203
scolaire	3
modèle	5
shot	3
show	17
poire	3
aventure	176
hilguegue	7
manoeuvre	3
black	5
étranger	11
gee	3
apparaître	5
notoriété	4
morning	5
débarquer	18
gladieux	9
sean	3
revoir	4
parent	113
jt	20
mathématique	4
bête	4
lopez	16
dater	8
rugby	13
tour	15
virtuellement	3
astuce	3
capable	12
côté	118
accusation	3
signaler	8
sensible	3
ex_membre	11
barry	4
mari	6
dessin	10
arte	5
mars	12
geronimo	3
coco	6
supergirl	3
numérique	4
ministère	9
artificiel	6
paf	4
procureur	3
indépendant	4
entourer	10
starfire	137
new_yorkais	43
perte	4
davant	7
jake	8
moyenne	4
mot	14
luthor	11
christine	12
journée	12
enfance	8
audience	9
titan	109
chabada	4
rappeler	8
sommet	3
avancée	4
livrer	7
violence	5
originaire	6
engloutir	3
cercle	3
jumeau	3
blesser	3
géométrique	3
siège	5
gorg	14
joubert	8
venir	89
fils	32
citation	44
imagination	7
navette	5
eliot	22
film	48
prime	6
château	8
gundaliens	3
important	14
abriter	3
surprendre	6
récent	5
reprendre	6
emily	16
recommandation	3
anglais	7
revenir	36
scout	3
gargon	3
archéologue	3
malédiction	6
poilu	15
zero	3
révéler	17
encel	8
public	21
enregistrement	5
ranger	3
bible	3
dérouler	7
agathe	12
palais	8
rationnel	3
maroc	3
vaillant	4
lavoine	3
tablier	3
paranoïa	3
vladimir	3
morty	8
dubosc	4
banlieue	4
récit	8
csa	14
août	5
amellal	8
pétronin	4
civilisation	16
acte	3
galactic	3
âme	3
delage	13
azem	5
chute	4
canadien	3
théâtre	16
existence	9
cuire	3
scully	4
etienne	41
intéresser	9
pollux	3
pâte	6
association	5
robbie	16
porte	45
katché	4
président	37
repousser	3
troisième	20
hard	6
hommage	4
orient	5
célèbre	9
perry	3
pâté	3
veille	3
agresser	4
bulle	3
pilote	4
remettre	5
cirque	84
militant	6
pomme	5
parc	9
pari	28
part	17
daphné	3
atteindre	5
john	13
dossier	6
organisé	3
protecteur	3
gasnier	48
recevoir	25
maladie	7
mouloud	3
chanter	9
soigner	4
fink	5
relation	10
témoignage	17
express	10
prétendre	7
accélérer	6
suzie	3
diriger	7
expert	11
ordinateur	3
transmettre	7
joindre	3
producteur	8
brillant	4
zeitoun	4
cérémonie	5
simple	3
compétition	3
léo	27
secret	32
bien_être	7
cyborg	55
adresse	5
caisse	3
établissement	3
indéniable	3
sourisville	3
puissant	12
graine	3
mener	17
franco_algérien	4
ingrédient	5
soeur	8
forain	4
moment	20
bakugan	9
oeuvre	7
dark	3
travers	16
brodier	3
maîtresse	3
salvatore	11
délirant	16
source	606
écraser	8
emparer	3
ressemblant	9
compte	6
contraindre	5
obliger	6
manifester	3
pen	6
troublant	8
adamo	7
céline	6
ufs	3
grichka	4
pollution	3
jimmy	11
aliens	27
dewalle	15
quête	5
anonyme	4
trajectoire	3
citoyen	4
avenir	13
conseil	13
immigration	5
travailler	14
planet	5
carburant	7
planer	3
consulter	3
cerveau	7
essayer	6
championnat	3
rupestre	8
secousse	3
lointain	93
kirk	3
armée	12
carolin	6
invité	73
papa	4
leboeuf	6
brainiac	14
amuser	5
amplifier	4
ennemi	13
reculé	3
cavale	3
océan	6
brigade	5
objet	19
eccelston	4
scandale	3
étudier	5
représentation	4
lorenzo	11
crop	10
barnier	3
fonction	3
paddle	5
lunaire	5
assister	3
composer	11
ressource	4
benabar	4
libération	5
ecole	4
billet	3
train	13
échapper	9
gabriel	4
marucho	3
téléréalité	4
stock	4
terrien	95
multiplication	5
laurie	10
extrait	34
symbole	3
acheter	5
recueillir	4
vivant	6
oggy	14
image	33
dan	8
annoncer	7
endormir	4
tuer	17
identifier	25
lfi	15
expliquer	19
réseau	10
humanix	3
parvenir	16
allier	8
ajouter	4
mourir	5
résultat	4
publier	11
justine	3
exiger	3
écrire	9
roche	3
nelson	3
quatrième	5
collège	7
visiter	9
égout	3
auproux	12
seines	14
tromper	29
min	5
salle	7
marquant	3
reconnaître	6
supporter	3
mélenchon	27
bernard	14
beau	19
pêche	4
sembler	26
évènement	3
crabe	26
cacher	32
national	5
rejoindre	8
confort	3
fatou	79
bruno	21
déterminer	5
françois	34
épouser	8
highland	3
brennan	3
denis	5
soulever	3
langage	5
annonce	9
concours	11
colocataire	56
enfouir	3
sucre	3
musclé	6
parisien	10
agnès	7
thevenot	4
goût	4
moyen	8
réputer	3
annuel	3
seti	7
personnel	3
sucré	3
centaine	5
téléphone	3
adn	8
ado	3
match	3
raven	136
maghreb	4
ordinaire	3
provoquer	88
benoît	5
proximité	6
système	17
meriem	8
matériel	5
tmc	3
brigitte	14
cécile	3
extérieur	3
ouvrir	7
fillon	4
localiser	3
adolescent	27
copain	3
oise	15
décision	3
promettre	3
but	8
glory	3
lynx	3
sein	5
fameux	4
monter	12
déjouer	3
précédent	5
dresser	4
éteindre	3
membre	42
tweet	3
lourd	3
inédit	19
coulisse	7
direct	19
air	10
fée	3
supplier	3
philippe	18
molly	6
studio	3
phoque	3
abolition	8
changer	15
julie	8
julia	5
actualité	33
m6	20
musk	9
mois	17
secondaire	3
henri	6
naître	91
joie	4
mondial	7
ghana	3
randonneur	7
enquête	36
ena	3
cylons	4
entretien	14
dietrich	3
vegans	4
zapping	5
bouteille	3
plage	3
jungle	4
nouvelle	25
témoigner	5
mettre	43
choix	7
islamique	7
clé	5
fred	8
delphine	3
jeune	93
grasset	4
février	8
volcanique	4
construire	17
top	7
tom	4
subjuguer	3
réal	11
final	3
spécialiser	5
souris	5
ray	5
triangle	3
michèle	5
totalement	5
émission	104
coin	5
mobiliser	3
enterprise	3
yann	8
coeur	17
manifestation	3
enceinte	4
contacter	4
radio	5
vache	3
claude	27
florent	3
capacité	8
présidentiel	14
photo	12
amazon	3
poutine	3
boulot	57
sexuel	7
ruine	6
climatique	5
éradiquer	3
équiper	3
paroi	3
nécessaire	3
onclusive	6
mur	4
seigner	3
accès	4
montagne	4
transformer	15
diabolique	4
frontière	13
candidat	16
eugène	7
identique	6
scénario	3
bénard	3
xxe	6
batterie	4
couper	6
réfugier	4
relancer	3
phare	6
alien	14
mémoire	8
complet	3
satellite	7
jean	88
hyper	6
proposer	23
fête	10
vérité	11
manquer	87
aram	3
camarade	7
bande	17
autorité	7
zoom	3
combat	7
humanité	49
gouvernement	25
plateformes	3
psychologue	3
ruquier	3
primitif	4
survitaminée	4
rattraper	3
blabber	3
passionné	5
civil	8
entrepreneur	11
tribune	3
indispensable	3
virgin	3
mériter	3
exister	18
medium	3
amateur	6
italien	6
hugues	14
voisin	12
peret	10
perez	3
dent	3
rompre	3
no	3
implant	7
nu	7
séparer	3
doute	4
décimer	3
actuel	15
élève	8
roi	5
coach	6
focus	5
retour	51
fermier	3
passage	4
insoumis	4
grossesse	4
hausse	3
valentin	19
brother	3
lever	3
poste	4
cnews	24
says	9
cyber	3
élément	8
développement	3
dévoiler	3
groupe	23
répéter	3
spirou	6
élite	6
entier	23
langlois	14
interdire	3
bill	19
frédéric	25
pratique	3
pratiquer	7
boucher	10
modifier	5
mouvement	8
boris	3
trump	3
figure	86
haut	23
timide	3
antoine	27
plonger	4
particulièrement	5
mélange	6
ensevelir	3
braoudé	3
raphaël	3
actu	8
canard	9
rapport	11
problème	6
organisation	4
au_delà	3
calamar	7
conférence	7
ensemble	3
afrique	4
réponse	15
obsession	3
oeuf	10
apporter	11
japonais	4
theory	8
défier	5
place	12
chloé	5
george	5
droite	8
provenance	3
crème	5
revue	8
population	6
nathan	6
diplomatie	9
and	3
quartier	7
superman	7
cinéma	7
gotham	81
animation	82
république	10
aliagas	3
chanteur	16
chronologique	4
pousser	7
percy	3
espoir	11
trou	3
crime	4
sincère	5
jazz	3
dériver	4
héberger	6
cheveu	4
blessure	3
rmc	3
conscient	3
justicier	4
jeter	6
dénoncer	3
multiplier	4
poivre	3
pop	5
didier	19
cordy	3
propriété	3
maire	8
saison	8
difficulté	3
croiser	6
statue	5
récupérer	11
capturer	8
violent	8
guider	4
rose	4
chercheur	7
résister	3
parfaire	9
interprète	3
départ	51
curieux	35
culinaire	3
accepter	7
patrick	15
couverture	3
bracelet	3
réussir	10
décontraction	81
peuple	9
bellver	48
porter	9
accueil	5
déchiffrer	4
atout	5
soupe	3
tribu	9
débris	3
électrique	6
culturel	9
lemercier	11
donnée	3
réaction	4
matière	4
spécistes	3
regard	8
alain	11
artistique	4
samedi	11
enseigner	4
phénomène	37
oublier	7
richesse	4
ali	3
envahisseur	7
catastrophe	13
endroit	14
musicien	4
péril	104
fan	5
morley	4
lisa	10
khomeiny	5
programme	15
entourage	3
invention	4
île	88
hasard	7
reine	6
importer	5
version	3
christian	7
écouter	4
poche	3
texte	8
prochain	12
allemagne	7
enfant	55
craquer	3
vaisseau	40
divin	9
église	8
diplomatique	3
profiter	10
étonner	3
emmanuel	16
mission	18
lahiani	3
style	10
manière	21
bout	11
intérieur	9
ressembler	7
organiser	10
etat	3
lola	5
juillet	6
benjamin	4
meurtre	5
coloniser	3
cookie	4
beast	55
thévenot	3
affrontement	13
marionnette	14
rapide	3
pablo	3
blanc	18
passer	74
story	3
manipuler	4
scooby	12
bouche	4
surveiller	5
huile	3
professeur	25
nathalie	26
respirer	27
igor	4
chaouch	10
travail	9
wilson	5
maison	32
remonter	7
fond	5
souhaiter	3
bfm	7
hit	3
jeanne	5
mélanger	6
tourner	10
vincent	18
accueillir	8
art	9
intelligence	17
différence	5
matin	15
raconter	20
vierge	3
week_end	4
année	55
publicité	10
prescription	3
activité	7
bandit	7
roman	4
scène	8
village	5
duo	28
bertrand	8
plante	7
détruire	15
pécresse	3
deneuve	5
bristielle	21
arriver	24
bourgeois	3
marché	8
propos	13
bataille	5
électricité	3
prince	83
humour	178
difficile	4
plateau	47
monstre	11
période	5
assaut	4
galactique	3
marian	9
framboise	3
campagne	5
clown	3
fbi	5
luxe	3
réveiller	49
anne	28
anna	8
attal	3
refuser	8
lycéen	3
fantasio	3
yéti	3
ayatollah	5
plaisir	6
canal	9
uzeel	5
question	67
ordonner	3
long	11
filer	3
présentation	20
thibault	3
shérif	4
tentative	3
nick	3
gotainer	3
compagnie	12
interroger	9
coûter	3
nasa	14
mardi	3
thomas	6
steve	4
simon	7
antique	14
yves	6
allié	4
végan	6
célibat	5
folk	3
bde	3
youtubeuse	5
dubini	5
échanger	6
chose	25
ukraine	8
habitant	9
depétrini	14
territoire	3
olivier	20
lrem	17
claviere	19
saltiel	3
marseille	6
feu	5
fer	6
mystérieusement	4
possession	4
journaliste	86
lycée	5
provenir	5
patron	16
camille	9
fédération	12
vintage	3
ordre	7
orange	3
comédie	4
crash	3
réclamer	3
tante	4
karine	3
repérer	5
watrin	11
sentiment	3
chaos	3
capter	3
romain	9
semer	4
nuit	17
york	3
permettre	27
tsoukalos	18
numéro	8
polémiste	14
amener	5
molinier	3
academy	5
antarctique	5
souterrain	3
nombreux	106
équilibre	3
clip	5
faux	8
agence	9
chalumeau	48
clash	5
centre	20
lutte	62
défense	11
xavier	39
complot	4
rendre	44
partie	42
partir	41
arrivée	6
chemin	12
joe	17
jon	8
détail	7
table	4
énorme	6
aguerri	3
mike	3
pomart	15
riche	3
henley	7
polémique	3
constituer	4
disciple	23
préparer	17
géopolitique	8
sauter	4
mère	30
métier	3
valerie	3
timbre	3
smith	5
janvier	10
garage	3
représenter	8
georges	3
américain	44
domestique	3
morceau	3
inventeur	4
souffle	5
soirée	10
investir	3
caméra	4
analyser	4
rare	3
crédible	8
conquérant	81
série	114
champ	6
val	15
intention	6
humain	49
précéder	5
marier	15
record	3
michaël	10
jaurès	7
courant	3
atterrir	11
décrire	9
fantôme	13