0;1;num
1000;1;num
10h13;1;nr
10h15;1;nr
10h19;1;nr
10h21;1;nr
10h28;1;nr
1200;1;num
12ème;1;nr
13h00;1;nr
13ème;1;nr
16ème;1;nr
173;1;num
1830479;1;num
1934;1;num
1935;1;num
1950;1;num
1951;1;num
1954;1;num
1961;1;num
1965;1;num
1966;1;num
1969;1;num
1970;1;num
1971;1;num
1973;1;num
1974;1;num
1975;1;num
1986;1;num
1min;1;nr
2005;1;num
2014;1;num
2015;1;num
2020;1;num
2069;1;num
20h00;1;nr
20h15;1;nr
220;1;num
23000;1;num
250;1;num
2500;1;num
290;1;num
2m10;1;nr
3000;1;num
34eme;1;nr
351;1;num
360;1;num
3min;1;nr
401;1;num
5000;1;num
533;1;num
5km;1;nr
600;1;num
6ème;1;nr
71;1;num
73e;1;nr
74;1;num
7min;1;nr
800;1;num
8000;1;num
82;1;num
83mn;1;nr
84;1;num
85;1;num
87;1;num
8h00;1;nr
8min;1;nr
9;1;num
97;1;num
98;1;num
9h58;1;nr
9h59;1;nr
9ème;1;nr
abattage;1;nom
abattoir;1;nom
abbé;1;nom
abc;1;nom
abdallah;1;nr
abdel;1;nr
abderrahim;1;nr
abdou;1;nr
abductions;1;nr
abha;1;nr
aboab;1;nr
abominable;1;adj
abonné;1;nom
abord;1;nom
abortion;1;nr
abracadabra;1;nom
abri;1;nom
absent;1;adj
abusif;1;adj
abécédaire;1;nom
abîme;1;nom
ac;1;nr
academy;1;nr
académie;1;nom
acceptable;1;adj
acclimatation;1;nom
accommodant;1;adj
accompagnement;1;nom
accord;1;nom
accorder;1;ver
accoucher;1;ver
accuser;1;ver
achat;1;nom
acide;1;nom
acier;1;nom
actif;1;adj
activiste;1;nom
adaption;1;nr
ademe;1;nr
ades;1;nr
adhésif;1;adj
adicard;1;nr
adieu;1;ono
adler;1;nr
adn;1;nr
adonner;1;ver
adooore;1;nr
adorable;1;adj
adorer;1;ver
adrien;1;nr
aduler;1;ver
affiner;1;ver
affinez;1;nr
affonter;1;nr
affubler;1;ver
affût;1;nom
afm;1;nr
africain;1;adj
agacer;1;ver
agenda;1;nom
agiter;1;ver
agneau;1;nom
agnes;1;nr
agressif;1;adj
aignant;1;nr
aigüe;1;nr
airlines;1;nr
aise;1;nom
akae;1;nr
akerman;1;nr
alaoui;1;nr
alarmant;1;adj
alaska;1;nr
alberta;1;nr
alberto;1;nr
alcatraz;1;nom
aldrin;1;nr
alex;1;nr
alfie;1;nr
alfort;1;nr
alice;1;nr
aliment;1;nom
alimentaire;1;adj
alimenter;1;ver
alisio;1;nr
allah;1;nr
allen;1;nr
alliage;1;nom
alliot;1;nr
allonger;1;ver
allumer;1;ver
allure;1;nom
alpe;1;nom
altercation;1;nom
aluminium;1;nom
amalgame;1;nom
amante;1;nom
amas;1;nom
amasser;1;ver
ambition;1;nom
amer;1;adj
american;1;nr
amerique;1;nr
ameriquest;1;nr
amerrissage;1;nom
amfar;1;nr
amical;1;adj
aminches;1;nr
amir;1;nr
amiral;1;nom
amitié;1;nom
amityville;1;nr
ampleur;1;nom
amélie;1;nr
aménager;1;ver
anachronisme;1;nom
analogue;1;adj
analphabétisme;1;nom
anas;1;nom
ancient;1;nr
andrews;1;nr
andrieu;1;nr
andrieux;1;nr
anecdote;1;nom
angels;1;nr
anger;1;nr
angers;1;nr
angiologue;1;nr
animosité;1;nom
animé;1;adj
anjou;1;nr
annabel;1;nr
anniversaire;1;nom
annuellement;1;adv
année_lumière;1;nom
anomalie;1;nom
antan;1;nom
antartique;1;nr
anti_matière;1;nom
antipollution;1;adj
antispécisme;1;nr
antispéciste;1;nr
aplatir;1;ver
apocalypse;1;nom
apparemment;1;adv
appartenir;1;ver
appauvrir;1;ver
applaudir;1;ver
apple;1;nr
apprennnent;1;nr
apprentissage;1;nom
apprivoiser;1;ver
approcher;1;ver
approfondi;1;adj
approprié;1;adj
appui;1;nom
après_des;1;nr
araignés;1;nr
arbitrer;1;ver
archipel;1;nom
arcom;1;nr
ard;1;nr
ardavan;1;nr
ardennes;1;nr
argument;1;nom
arkaïm;1;nr
arles;1;nr
arlette;1;nr
armement;1;nom
arnau;1;nr
arnoux;1;nr
arrestation;1;nom
arrière;1;ono
arrêt;1;nom
arthur;1;nr
asexuels;1;nr
asile;1;nom
aslani;1;nr
asnières;1;nr
aspirer;1;ver
assassin;1;nom
assemblage;1;nom
assistant;1;nom
assisté;1;nom
assénant;1;nr
astiquer;1;ver
astral;1;adj
astronaut;1;nr
astrophysique;1;nom
astuce;1;nom
astucieusement;1;adv
astéroïde;1;nom
atacama;1;nr
atlantide;1;nr
atlantique;1;adj
atmosphère;1;nom
atriens;1;nr
atsem;1;nr
attachement;1;nom
attack;1;nr
attacks;1;nr
attentif;1;adj
attentionné;1;adj
attester;1;ver
attesterait;1;nr
attitude;1;nom
attrister;1;ver
audace;1;nom
aude;1;nr
audinot;1;nr
audition;1;nom
augier;1;nr
augmenter;1;ver
aujoud;1;nr
auncun;1;nr
aurélia;1;nr
autobronzants;1;nr
autodérision;1;nom
autoroute;1;nom
autrichien;1;adj
auxquels;1;pro_rel
avancer;1;ver
avant_coureur;1;adj
avant_première;1;nom
aventurier;1;nom
avertir;1;ver
aves;1;nr
aveu;1;nom
aviaire;1;adj
aviateur;1;nom
aviation;1;nom
avignon;1;nr
avorter;1;ver
aymeric;1;nr
aéronavale;1;nom
babette;1;nr
bac;1;nom
bactérie;1;nom
bactériens;1;nr
badaoui;1;nr
baguette;1;nom
baigner;1;ver
balançoire;1;nom
balayage;1;nom
baleine;1;nom
balgrave;1;nr
ballade;1;nom
bancaire;1;adj
banga;1;nr
bannir;1;ver
banquise;1;nom
barataud;1;nr
baraton;1;nr
barbe;1;nom
barbie;1;nr
barbier;1;nom
bare;1;nr
baroux;1;nr
barre;1;nom
barthes;1;nr
basilique;1;nom
basset;1;nom
bastia;1;nr
batignolles;1;nr
battre;1;ver
beake;1;nr
beat;1;adj
beau_père;1;nom
bedos;1;nr
bellamy;1;nr
belliqueux;1;adj
bellucci;1;nr
bendaoud;1;nr
benigni;1;nr
benisse;1;nr
bergé;1;nr
berre;1;nr
berstein;1;nr
besace;1;nom
besancenot;1;nr
besançon;1;nr
bestaire;1;nr
beta;1;nr
bettega;1;nr
betty;1;nr
beurre;1;nom
bi;1;nom
bibliothèque;1;nom
bic;1;nom
bidon;1;adj
bienfait;1;nom
bienveillance;1;nom
bigot;1;adj
bilan;1;nom
bing;1;ono
bioman;1;nr
bisexuel;1;adj
bistro;1;nom
bitume;1;nom
bizarrerie;1;nom
blabber;1;nr
blin;1;nr
blocage;1;nom
bloch;1;nr
blogueur;1;nr
blouse;1;nom
blouson;1;nom
blé;1;nom
bmx;1;nr
bobby;1;nom
bobo;1;nom
body;1;nom
boeuf;1;nom
bogdanov;1;nr
bol;1;nom
bonbon;1;nom
bonder;1;ver
bonheur;1;nom
bonissol;1;nr
bonot;1;nr
bont;1;nr
bordeaux;1;adj
borloo;1;nr
bosselut;1;nr
botte;1;nom
boucheron;1;nr
bouchot;1;nom
boucler;1;ver
bouddha;1;nom
bouddhiste;1;adj
bouillon;1;nom
boulinier;1;nr
boulot;1;nom
bouquet;1;nom
bourdon;1;nom
bourgade;1;nom
bourgogne;1;nom
bourreau;1;nom
boursin;1;nr
bouton;1;nom
bowl;1;nr
box;1;nom
boyer;1;nr
boîte;1;nom
brahic;1;nr
braise;1;nom
braun;1;nr
bravo;1;ono
breekman;1;nr
brenig;1;nr
brennetot;1;nr
breton;1;adj
bridge;1;nom
brion;1;nr
brite;1;nr
brièvement;1;adv
brocéliande;1;nr
bronzer;1;ver
bros;1;nr
brun;1;adj
brunet;1;adj
brutal;1;adj
brésil;1;nom
bt;1;nr
bud;1;nr
budget;1;nom
buisson;1;nom
burki;1;nr
bus;1;nom
business;1;nom
buzz;1;nr
bâtir;1;ver
bâtisseur;1;nom
bâton;1;nom
bénéficier;1;ver
béta;1;nr
béziers;1;nr
bézieux;1;nr
bêtise;1;nom
c_est_à_dire;1;adv_sup
ca;1;nr
cabaret;1;nom
cabine;1;nom
cabinet;1;nom
cachee;1;nr
cadavre;1;nom
caddy;1;nom
cadeau;1;nom
cadrage;1;nom
café;1;nom
cagot;1;nom
cahier;1;nom
cahute;1;nom
caillou;1;nom
caissier;1;nom
caitlin;1;nr
calcul;1;nom
californie;1;nom
calme;1;nom
camdeborde;1;nr
camper;1;ver
canada;1;nom
cancer;1;nom
candidature;1;nom
caniche;1;nom
caniveau;1;nom
cannabis;1;nom
caractéristique;1;nom
caramélisé;1;adj
caraïbe;1;nom
carboniser;1;ver
carcassonne;1;nr
carence;1;nom
caricature;1;nom
carnac;1;nr
carnahan;1;nr
caron;1;nr
carotène;1;nom
carrément;1;adv
carter;1;nom
cartman;1;nr
carton;1;nom
cartonner;1;ver
cassius;1;nr
cassonade;1;nom
cassé;1;adj
castaldi;1;nr
castéra;1;nr
catapultent;1;nr
catastrophées;1;nr
catégoriquement;1;adv
caucase;1;nr
caudron;1;nr
cauet;1;nr
caumes;1;nr
cave;1;nom
caveau;1;nom
caviar;1;nom
cayse;1;nr
cbs;1;nr
cdu;1;nr
cedh;1;nr
ceinture;1;nom
celle_là;1;pro_dem
cendre;1;nom
censure;1;nom
censurer;1;ver
censé;1;adj
central;1;adj
cercueil;1;nom
cerf_volant;1;nom
cerise;1;nom
cernan;1;nr
certaine;1;adj_ind
certificat;1;nom
cesser;1;ver
ceux_ci;1;pro_dem
ch;1;nr
chacun;1;pro_ind
chadaud;1;nr
chagrin;1;nom
chaleureux;1;adj
chalon;1;nom
champagne;1;nom
chancellerie;1;nom
chaouche;1;nr
chapel;1;nr
charia;1;nom
charisme;1;nom
charité;1;nom
charlie;1;nr
charmant;1;adj
charme;1;nom
chartier;1;nr
chateau;1;nr
chatenet;1;nr
chaud;1;adj
chaudière;1;nom
chauffage;1;nom
chaussure;1;nom
cheap;1;adj
cheesecake;1;nr
chef_d_oeuvre;1;nom
chelles;1;nr
chemise;1;nom
chereque;1;nr
cherisey;1;nr
cherrier;1;nr
cheryll;1;nr
chick;1;nr
chiffe;1;nom
chilien;1;adj
chilin;1;nr
chimique;1;adj
chimiste;1;nom
chips;1;nom
chirurgical;1;adj
choeur;1;nom
choquant;1;adj
choquer;1;ver
choréa;1;nr
chupacabra;1;nr
chute;1;nom
chèvre;1;nom
chéri;1;nom
chérir;1;ver
cicciolina;1;nr
cimetière;1;nom
cinema;1;nr
cinethon;1;nr
cinquante;1;adj_num
cinquième;1;adj
cinéaste;1;nom
cinématons;1;nr
circle;1;nr
circles;1;nr
circulation;1;nom
circuler;1;ver
citer;1;ver
clairement;1;adv
clandestin;1;adj
clandestinement;1;adv
claquos;1;nr
clara;1;nr
clarinette;1;nom
classé;1;adj
claustrophobique;1;nr
clerebaut;1;nr
clerel;1;nr
clic;1;ono
client;1;nom
clin;1;nom
clinicien;1;nom
clip;1;nom
cloche;1;nom
clooney;1;nr
clover;1;nr
clé;1;nom
clément;1;adj
clôture;1;nom
cm;1;nom
cocaïne;1;nom
cochon;1;nom
cocotte;1;nom
codifier;1;ver
codé;1;adj
coe;1;nr
coffre;1;nom
cofondateur;1;nom
cogner;1;ver
collaboration;1;nom
collant;1;adj
collection;1;nom
collin;1;nr
colline;1;nom
collègue;1;nom
colonie;1;nom
coloniser;1;ver
colonisera;1;nr
colossal;1;adj
coluche;1;nr
coma;1;nom
combat;1;nom
combourg;1;nr
comique;1;adj
comix;1;nr
commerce;1;nom
commercial;1;adj
communion;1;nom
communiqué;1;nom
comparse;1;nom
compensatoire;1;adj
compensatoires;1;nr
compenser;1;ver
complexe;1;adj
complexé;1;adj
complice;1;nom
complicité;1;nom
complotistes;1;nr
complément;1;nom
complétement;1;nr
comportementaliste;1;adj
comporter;1;ver
comprende;1;nr
compréhensible;1;adj
comptine;1;nom
compton;1;nr
comédie;1;nom
con;1;nom
conceptualiser;1;ver
concitoyen;1;nom
conclure;1;ver
concoillotte;1;nr
concorder;1;ver
concourrent;1;nr
concubinage;1;nom
condamner;1;ver
condensateur;1;nom
conditionnement;1;nom
conditionner;1;ver
confection;1;nom
confirmer;1;ver
confortablement;1;adv
congrès;1;nom
conjuguer;1;ver
conmation;1;nr
conmatrices;1;nr
conmé;1;nr
connait;1;nr
conquérir;1;ver
conservatisme;1;nom
consonance;1;nom
constat;1;nom
constitution;1;nom
contemporain;1;nom
continu;1;adj
contre_emploi;1;nom
contre_jour;1;nom
contrebandier;1;nom
contribution;1;nom
convaincant;1;adj
convention;1;nom
conversation;1;nom
convivial;1;adj
cooke;1;nr
cool;1;adj
copenhague;1;nr
copper;1;nr
coprésentatrice;1;nr
copé;1;nr
coquille;1;nom
corinne;1;nr
correct;1;adj
correctionnel;1;nom
correspondant;1;nom
corré;1;nr
corrélation;1;nom
corse;1;adj
cortège;1;nom
coré;1;nom
cosmos;1;nom
costiou;1;nr
costse;1;nr
cote;1;nom
cotisation;1;nom
cou;1;nom
couche;1;nom
coucher;1;ver
couderc;1;nr
coulan;1;nr
counter;1;nr
courage;1;nom
courrier;1;nom
courtier;1;nom
courtois;1;adj
couture;1;nom
couvercle;1;nom
couvée;1;nom
covid;1;nr
coville;1;nr
cow_boys;1;nr
coîncidence;1;nr
coûteaux;1;nr
coûter;1;ver
cpe;1;nr
cracheur;1;nom
crhonique;1;nr
crime;1;nom
criminel;1;nom
crinoline;1;nom
critique;1;adj
critiquer;1;ver
critère;1;nom
croisière;1;nom
croitre;1;nr
crolard;1;nr
crooner;1;nom
croquer;1;ver
cross;1;nom
croustillant;1;adj
croziflette;1;nr
cruel;1;adj
crânien;1;adj
crèche;1;nom
crème;1;nom
création;1;nom
crémer;1;ver
csu;1;nr
cubert;1;nr
cucuta;1;nr
cuges;1;nr
cuillère;1;nom
cuir;1;nom
cuire;1;ver
cuisse;1;nom
cul;1;nom
culotte;1;nom
culpabilité;1;nom
cultivé;1;adj
curry;1;nom
cyber;1;nr
cylindrique;1;adj
cyprien;1;nr
cédric;1;nr
céline;1;nr
célébrité;1;nom
cérémonie;1;nom
césar;1;nom
côte;1;nom
côtoyer;1;ver
da;1;ono
dactylo;1;nom
daily;1;nr
dailymail;1;nr
dakar;1;nr
dali;1;nr
dam;1;nom
danette;1;nr
daniela;1;nr
danielle;1;nr
daniken;1;nr
danièle;1;nr
danse;1;nom
darcos;1;nr
darmon;1;nr
darquier;1;nr
daspet;1;nr
dasquie;1;nr
daval;1;nr
davantage;1;adv_sup
dawesar;1;nr
daéns;1;nr
dean;1;nr
deauville;1;nr
debout;1;adv_sup
debre;1;nr
debriefing;1;nr
decker;1;nr
decoration;1;nr
dedans;1;adv_sup
dekko;1;nr
delagnes;1;nr
delavaud;1;nr
delon;1;nr
delorme;1;nr
demeure;1;nom
demeurer;1;ver
demi;1;adj_sup
demi_finale;1;nom
demi_frère;1;nom
demi_tour;1;nom
demouy;1;nr
dena;1;nr
denisova;1;nr
dent;1;nom
depetrini;1;nr
dermatologue;1;nom
desbois;1;nr
descendant;1;nom
desir;1;nr
desrues;1;nr
dessein;1;nom
desserte;1;nom
destinée;1;nom
deutsch;1;nr
devise;1;nom
dewavrin;1;nr
dhal;1;nr
dialogue;1;nom
diamant;1;nom
diaphane;1;adj
dick;1;nr
dico;1;nom
dictionnaire;1;nom
diego;1;nr
diet;1;nr
différemment;1;adv
différencier;1;ver
digne;1;adj
dilemme;1;nom
dingue;1;adj
dingy;1;nr
diouf;1;nr
diplôme;1;nom
direc;1;nr
dirigeant;1;nom
discret;1;adj
discréditer;1;ver
discutable;1;adj
disgracieux;1;adj
dispute;1;nom
disque;1;nom
dissimulation;1;nom
dissimuler;1;ver
dissolution;1;nom
distinguer;1;ver
distorsion;1;nom
distributeur;1;nom
distribution;1;nom
divergence;1;nom
diverses;1;adj_ind
divertissant;1;adj
division;1;nom
divorcé;1;adj
dix_huit;1;adj_num
dj;1;nr
djebbari;1;nr
doc;1;nom
documenter;1;ver
dollar;1;nom
dolmen;1;nom
domenech;1;nr
domination;1;nom
dominators;1;nr
donaldson;1;nr
donbass;1;nr
dongos;1;nr
donnet;1;nr
donnée;1;nom
doom;1;nr
dorlhac;1;nr
dormir;1;ver
dose;1;nom
dossou;1;nr
doublage;1;nom
doublure;1;nom
doucement;1;adv
douceur;1;nom
douche;1;nom
doucoure;1;nr
douer;1;ver
douloureux;1;adj
doumergue;1;nr
douter;1;ver
doué;1;adj
dr;1;nr
drame;1;nom
dray;1;nr
dream;1;nr
dream_team;1;nom
droguer;1;ver
drogué;1;nom
drom;1;nr
drucker;1;nr
dublin;1;nr
dubois;1;nr
durer;1;ver
dussopt;1;nr
duteil;1;nr
dutrieux;1;nr
dynastie;1;nom
dysfonctionnement;1;nom
dé;1;nom
débarquement;1;nom
débarrasser;1;ver
déboire;1;nom
déborder;1;ver
débriefer;1;ver
décalage;1;nom
décalco;1;nr
décapant;1;nom
déception;1;nom
décevant;1;adj
déchaîner;1;ver
décimer;1;ver
déclassifiées;1;nr
déclenchement;1;nom
décliner;1;ver
décomplexée;1;nr
décompter;1;ver
déconseiller;1;ver
décorer;1;ver
décortiquer;1;ver
décrypter;1;ver
décréter;1;ver
décès;1;nom
décéder;1;ver
dédier;1;ver
dédoublement;1;nom
défaite;1;nom
défendre;1;ver
déferler;1;ver
défiant;1;adj
définitif;1;adj
déflection;1;nr
dégradation;1;nom
déhe;1;nr
déion;1;nr
déjanter;1;ver
déjanté;1;adj
délaisser;1;ver
délation;1;nom
délirant;1;adj
délirer;1;ver
délit;1;nom
délégation;1;nom
dément;1;adj
démolir;1;ver
démolition;1;nom
démoniaque;1;adj
démêlé;1;nom
dénicher;1;ver
dénominateur;1;nom
dénoncer;1;ver
départemental;1;adj
dépendre;1;ver
déplaisant;1;adj
dépouille;1;nom
dépêtrer;1;ver
dérouiller;1;ver
déroulement;1;nom
dérouler;1;ver
désagréable;1;adj
désangoisse;1;nr
désespoir;1;nom
désespérant;1;adj
déshumanisés;1;nr
désigner;1;ver
désirer;1;ver
désordre;1;nom
détection;1;nom
détendre;1;ver
détermination;1;nom
déterminer;1;ver
détonant;1;adj
détournement;1;nom
détresse;1;nom
dévaloriser;1;ver
dévaster;1;ver
développementale;1;nr
déviant;1;adj
dévoiler;1;ver
dîner;1;nom
eac;1;nr
earth;1;nr
earthworm;1;nr
echouer;1;nr
eclairage;1;nr
economie;1;nr
ecosse;1;nr
eddy;1;nr
edendale;1;nr
edgard;1;nr
editions;1;nr
education;1;nr
edwige;1;nr
effacer;1;ver
effarant;1;adj
effectuèrent;1;nr
effraction;1;nom
einstein;1;nr
elbe;1;nr
elections;1;nr
elizabeth;1;nr
ell;1;nr
elle_même;1;pro_per
elles_mêmes;1;pro_per
elli;1;nr
ellin;1;nr
elliot;1;nr
ellora;1;nr
elton;1;nr
elysees;1;nr
emaillé;1;nr
emballement;1;nom
embarcation;1;nom
embarquer;1;ver
embaucher;1;ver
embrigadement;1;nr
emiliano;1;nr
emir;1;nr
empalé;1;adj
empire;1;nom
employeur;1;nom
emporter;1;ver
emprise;1;nom
enchanté;1;adj
enclencher;1;ver
ender;1;nr
endetté;1;adj
endocrinien;1;adj
endoctrinement;1;nom
endormir;1;ver
enduire;1;ver
enfer;1;nom
enflammé;1;adj
enfoncer;1;ver
engagement;1;nom
engloutir;1;ver
engrenage;1;nom
engueulade;1;nom
enigmatique;1;nr
enigme;1;nr
enjeu;1;nom
ennuyeux;1;adj
enrayer;1;ver
enseignant;1;nom
entacher;1;ver
enthousiasme;1;nom
enthoven;1;nr
entièrement;1;adv
entrave;1;nom
entraînement;1;nom
entre_deux;1;nom
entreprendre;1;ver
entretenir;1;ver
entrevue;1;nom
envie;1;nom
envier;1;ver
environ;1;nom_sup
eoliens;1;nr
epreuve;1;nr
erich;1;nr
erreur;1;nom
esa;1;nr
escapade;1;nom
escargot;1;nom
escorter;1;ver
escroc;1;nom
espagnol;1;nom
espionnage;1;nom
essayiste;1;nom
essentiel;1;nom
essentiellement;1;adv
essonne;1;nr
estaing;1;nr
esturgeon;1;nom
etaient;1;nr
etaix;1;nr
ete;1;nr
ethnologue;1;nom
etoile;1;nr
etrange;1;nr
etranges;1;nr
etre;1;nr
ettore;1;nr
eugene;1;nr
eure;1;nr
euronews;1;nr
europa;1;nr
evans;1;nr
evenement;1;nr
evenou;1;nr
eventreur;1;nr
evènement;1;nr
examen;1;nom
exaucer;1;ver
exceller;1;ver
exceptionnellement;1;adv
exclusif;1;adj
exclusion;1;nom
exclusivité;1;nom
excès;1;nom
exigence;1;nom
exiger;1;ver
exil;1;nom
exion;1;nr
exions;1;nr
exobiologiste;1;nr
exorciste;1;nom
expertise;1;nom
explicable;1;adj
exploiter;1;ver
exportateur;1;adj
exprimer;1;ver
expulser;1;ver
expérimental;1;adj
expérimentation;1;nom
exrait;1;nr
extra;1;adj_sup
extraterres;1;nr
exténuant;1;adj
f16;1;nr
f3;1;nr
fabian;1;nr
fabuleux;1;adj
faced;1;nr
facette;1;nom
facial;1;adj
facile;1;adj
facilement;1;adv
faculté;1;nom
fader;1;ver
faim;1;nom
fairytales;1;nr
fait_divers;1;nom
fakir;1;nom
famine;1;nom
fantasme;1;nom
fantasque;1;adj
fantome;1;nr
far_west;1;nom
fascination;1;nom
faune;1;nom
faveur;1;nom
favori;1;adj
favre;1;nr
façade;1;nom
feldzer;1;nr
fellini;1;nr
fenouil;1;nom
fenti;1;nr
fernandez;1;nr
feroleto;1;nr
ferryn;1;nr
fesse;1;nom
festivaliers;1;nr
fictif;1;adj
fiel;1;nom
figaro;1;nom
figer;1;ver
figurant;1;nom
figurer;1;ver
filant;1;adj
filière;1;nom
filtre;1;nom
finalement;1;adv
finance;1;nom
financial;1;nr
financier;1;adj
financièrement;1;adv
fiol;1;nr
fiori;1;nr
fire;1;nr
fisher;1;nr
fissurer;1;ver
flairer;1;ver
flammarion;1;nr
flanquer;1;ver
flappy;1;nr
fleches;1;nr
flexitarienne;1;nr
florence;1;nom
florent;1;nr
florian;1;nr
flot;1;nom
flottant;1;adj
flotte;1;nom
flotter;1;ver
fléau;1;nom
fn;1;nr
fogiel;1;nr
foley;1;nr
follin;1;nr
foncer;1;ver
fonctionnaire;1;nom
fonctionnement;1;nom
fondement;1;nom
fontenay;1;nr
fool;1;nr
for;1;nom
forcer;1;ver
formics;1;nr
formidable;1;adj
formulation;1;nom
formule;1;nom
formuler;1;ver
fortune;1;nom
forum;1;nom
forêt;1;nom
fossoyeur;1;nom
foti;1;nr
fouler;1;ver
fouquet;1;nr
fouraste;1;nr
fourneau;1;nom
fourré;1;adj
foutre;1;ver
foyer;1;nom
fr3;1;nr
fractal;1;adj
fragilité;1;nom
fragment;1;nom
francois;1;nr
frange;1;nom
frankie;1;nr
frapper;1;ver
fratrie;1;nom
fraude;1;nom
free;1;nr
freewinds;1;nr
freiner;1;ver
frey;1;nr
friandise;1;nom
frisbee;1;nom
frisbie;1;nr
friser;1;ver
fromager;1;adj
fréderic;1;nr
fréquence;1;nom
fréquenter;1;ver
fuir;1;ver
fuite;1;nom
fumeau;1;nr
funes;1;nr
funeste;1;adj
furious;1;nr
fustec;1;nr
fébrile;1;adj
fédéral;1;adj
féliciter;1;ver
félin;1;nom
féminin;1;adj
féroce;1;adj
gabarek;1;nr
gabris;1;nr
gad;1;nr
gage;1;nom
gaidon;1;nr
gala;1;nom
galactique;1;adj
galilée;1;nr
garantie;1;nom
gard;1;nr
garde;1;nom
gardini;1;nr
garnier;1;nr
gauchet;1;nr
gauillaume;1;nr
gaume;1;nr
gaumont;1;nr
gaz;1;nom
gaëlle;1;nr
geler;1;ver
gendarmerie;1;nom
gentil;1;adj
gentillement;1;nr
gentleman;1;nom
genèse;1;nom
geoffroy;1;nr
georges;1;nr
gerard;1;nr
gerhard;1;nr
gestion;1;nom
ghd;1;nr
gilbert;1;nom
girard;1;nr
giratoire;1;adj
girond;1;adj
gisbert;1;nr
giscard;1;nr
giulia;1;nr
glaciaire;1;adj
glaciologue;1;nom
glisser;1;ver
gloire;1;nom
glorieux;1;adj
gluant;1;adj
glucksmann;1;nr
gluhenvolks;1;nr
godefroid;1;nr
godillot;1;nom
gods;1;nr
gogolito;1;nr
gokalp;1;nr
goldorak;1;nr
gomes;1;nr
gonfler;1;ver
gonnet;1;nr
google;1;nr
gorille;1;nom
gort;1;nr
gosso;1;nr
goujat;1;nom
gounord;1;nr
goute;1;nr
goutte;1;nom
gouvernante;1;nom
gouvernemental;1;adj
granger;1;nr
graphisme;1;nom
gravement;1;adv
gravir;1;ver
great;1;nr
grec;1;nom
grenier;1;nom
greta;1;nr
greyhounds;1;nr
grinberg;1;nr
grippe;1;nom
grishka;1;nr
grondeur;1;adj
groom;1;nom
grèce;1;nr
guarneri;1;nr
guerri;1;nr
guien;1;nr
gulf;1;nr
gwenn;1;nr
gynéco;1;nom
gélule;1;nom
génital;1;adj
génome;1;nom
généraliste;1;nom
générer;1;ver
génétiquement;1;adv
géographique;1;adj
géologie;1;nom
géopol;1;nr
gérad;1;nr
gérer;1;ver
gévaudan;1;nr
gîte;1;nom
habitacle;1;nom
habitat;1;nom
hacker;1;nom
hafida;1;nr
haine;1;nom
haley;1;nr
hall;1;nom
halo;1;nom
hamed;1;nr
hanche;1;nom
hanté;1;adj
happening;1;nom
happer;1;ver
happy;1;nr
harceler;1;ver
harcèlement;1;nom
harmonique;1;adj
harnais;1;nom
hartman;1;nr
hashtag;1;nr
hausse;1;nom
hawaii;1;nr
her;1;nr
herbe;1;nom
hermione;1;nr
hermé;1;nr
hervé;1;nr
hetru;1;nr
heureusement;1;adv
highlander;1;nom
himalaya;1;nom
hindou;1;nom
hip_hop;1;nom
hissbach;1;nr
historien;1;nom
historique;1;adj
historiquement;1;adv
hiver;1;nom
hobbits;1;nr
holbecq;1;nr
hole;1;nr
hollande;1;nom
homo;1;adj
homoparentalité;1;nr
homophobe;1;adj
honneur;1;nom
honnête;1;adj
hopkins;1;nr
horlans;1;nr
horoscope;1;nom
horwitz;1;nr
houellebecq;1;nr
hour;1;nr
houzelot;1;nr
html;1;nr
http;1;nr
https;1;nr
hubert;1;nr
hugo;1;nr
hui;1;nom
huile;1;nom
huitième;1;nom
humidité;1;nom
huster;1;nr
huygue;1;nr
hydrogène;1;nom
hype;1;nr
hypnotiser;1;ver
hypocrisie;1;nom
hélicoptère;1;nom
héloïse;1;nr
hériter;1;ver
héroïque;1;adj
hérésie;1;nom
hésiter;1;ver
ibrahima;1;nr
ici;1;adv_sup
icône;1;nom
idf;1;nr
idol;1;nr
idéal;1;adj
idéologie;1;nom
ignorant;1;adj
ignorer;1;ver
igor;1;nr
ii;1;nr
iliad;1;nr
illusionniste;1;nom
illustratif;1;nr
imagerie;1;nom
imionnant;1;nr
imionnants;1;nr
imionne;1;nr
imiter;1;ver
immersion;1;nom
immeuble;1;nom
impact;1;nom
impacter;1;nr
impartialité;1;nom
impertinent;1;adj
impitoyable;1;adj
implantation;1;nom
implanter;1;ver
importé;1;adj
imposant;1;adj
improsivé;1;nr
improvisation;1;nom
imprégner;1;ver
in;1;adj_sup
ina;1;nr
incendie;1;nom
inch_allah;1;ono
incognito;1;adv
incompris;1;adj
incompétent;1;adj
inconscient;1;adj
incontestable;1;adj
inculquer;1;ver
indestructible;1;adj
indispensable;1;adj
indépendance;1;nom
ine;1;nr
inement;1;nr
inexploitables;1;nr
infectieux;1;adj
infiltration;1;nom
infiltrer;1;ver
influencer;1;ver
influx;1;nom
infra;1;adv
ingë;1;nr
inidentifiable;1;adj
injustice;1;nom
inlassablement;1;adv
inman;1;nr
innommable;1;adj
innovation;1;nom
inquiétant;1;adj
insecte;1;nom
insouciant;1;adj
insoupçonné;1;adj
institution;1;nom
insu;1;nom
insurger;1;ver
insurmontable;1;adj
inteligentes;1;nr
intemporels;1;nr
intense;1;adj
intensif;1;adj
interactivité;1;nom
interagir;1;ver
interesse;1;nr
interlocuteur;1;nom
interministériel;1;nr
interne;1;adj
interposer;1;ver
interprètera;1;nr
interprétation;1;nom
intervenant;1;nom
interêt;1;nr
intime;1;adj
intriguées;1;nr
introduire;1;ver
intrus;1;nom
intégral;1;adj
inuits;1;nr
inutile;1;adj
invalide;1;nom
inventer;1;ver
inventives;1;nr
investissement;1;nom
inéficaces;1;nr
inégalité;1;nom
irian;1;nr
irlande;1;nr
ironiser;1;ver
irrespectueux;1;adj
irresponsable;1;adj
irréfutable;1;adj
irène;1;nr
isidore;1;nr
island;1;nr
isolationnisme;1;nom
isolationnistes;1;nr
isolement;1;nom
israélien;1;nom
israël;1;nr
issu;1;adj
it;1;nr
itamar;1;nr
ivar;1;nr
ivg;1;nr
ivre;1;adj
jackson;1;nr
jacquemard;1;nr
jacter;1;ver
jaillir;1;ver
jaloux;1;adj
jambe;1;nom
jamie;1;nr
jaya;1;nr
jesse;1;nr
jet;1;nom
jeûne;1;nom
jim;1;nr
jingle;1;nom
jk;1;nr
job;1;nom
jocelyn;1;nr
johanna;1;nr
johnny;1;nr
johnson;1;nr
joie;1;nom
joli;1;adj
jongleur;1;nom
joseph;1;nom
jouet;1;nom
journalistique;1;adj
journee;1;nr
jr;1;nr
jubilatoire;1;adj
judiciaire;1;adj
judith;1;nr
jugement;1;nom
julliard;1;nr
jumeau;1;nom
jusqu;1;pre
jusque;1;pre
jusque_là;1;adv
justement;1;adv
justifier;1;ver
justyna;1;nr
juvin;1;nr
jérusalem;1;nr
kad;1;nr
kailashnath;1;nr
kapferer;1;nr
karaoké;1;nom
katsaris;1;nr
kazakhstan;1;nr
kennedy;1;nr
kenric;1;nr
kerry;1;nr
kerusore;1;nr
kervean;1;nr
kheops;1;nr
kieffer;1;nr
kiev;1;nr
kinesie;1;nr
king;1;nr
kirac;1;nr
kirby;1;nr
kitch;1;adj
klein;1;nr
km;1;adv
konbini;1;nr
korbo;1;nr
koretzky;1;nr
koulaguina;1;nr
kramatorsk;1;nr
krang;1;nr
krine;1;nr
krombopoulos;1;nr
kusturica;1;nr
kylian;1;nr
kyota;1;nr
laden;1;nr
laeticia;1;nr
lafayette;1;nr
lagaffe;1;nr
lagina;1;nr
laguiller;1;nr
laibe;1;nr
lama;1;nom
lambert;1;nr
lamentation;1;nom
lanzarote;1;nr
las;1;ono
laschet;1;nr
lasserre;1;nr
lasso;1;nom
laura;1;nr
laurel;1;nr
lavoix;1;nr
lecon;1;nr
lecoq;1;nr
lee;1;nr
leela;1;nr
leetchi;1;nr
lefebvre;1;nr
legeron;1;nr
lelandais;1;nr
lemercier;1;nr
lemming;1;nom
lenfant;1;nr
leninger;1;nr
lepic;1;nr
leterrier;1;nr
levasseur;1;nr
libanais;1;adj
libertin;1;adj
liberté;1;nom
librairie;1;nom
libre;1;adj
libye;1;nr
licancabur;1;nr
licence;1;nom
linceul;1;nom
lincoln;1;nr
lingerie;1;nom
liquide;1;nom
lire;1;ver
litre;1;nom
little;1;nr
littoral;1;nom
littéraire;1;adj
littéralement;1;adv
littérature;1;nom
lives;1;nr
livraison;1;nom
lloyds;1;nr
localisation;1;nom
localiser;1;ver
loft;1;nom
logiquement;1;adv
logo;1;nom
loli;1;nr
louisiane;1;nr
loup_garou;1;nom
louvain;1;nr
louvin;1;nr
louxor;1;nr
lover;1;ver
loïs;1;nr
luce;1;nom
lucie;1;nr
lucien;1;nr
ludique;1;adj
luire;1;ver
lumineux;1;adj
lunette;1;nom
luneville;1;nr
lutter;1;ver
lutz;1;nom
luxembourg;1;nr
luxueux;1;adj
lyonnais;1;adj
lâcher;1;ver
légendaire;1;adj
législatif;1;adj
légèreté;1;nom
léman;1;nr
léo;1;nr
létalité;1;nom
lévrier;1;nom
mach;1;nom
machu;1;nr
macrocosme;1;nom
maddalena;1;nr
mademoiselle;1;nom
madonna;1;nr
maelstrum;1;nr
magique;1;adj
magnet;1;nr
magnets;1;nr
magnétique;1;adj
magnétisme;1;nom
mahjoubi;1;nr
maillard;1;nr
mairie;1;nom
making;1;nr
maktaouf;1;nr
maladresse;1;nom
malaisie;1;nr
maldor;1;nr
malheureusement;1;adv
malibu;1;nr
malka;1;nr
mambo;1;nom
man;1;nom
management;1;nom
manager;1;nom
mandrou;1;nr
mangue;1;nom
manhattan;1;nom
manifestant;1;nom
manipulation;1;nom
manouvrer;1;nr
maquette;1;nom
maradonna;1;nr
mariano;1;nr
maroc;1;nr
marocain;1;adj
maroquinerie;1;nom
marquant;1;adj
marsu;1;nr
marthe;1;nr
martienne;1;nom
martiner;1;ver
martino;1;nr
marvin;1;nr
mary;1;nom
maryline;1;nr
mas;1;nom
masculiniste;1;nr
masquer;1;ver
massacre;1;nom
massacrer;1;ver
massage;1;nom
massard;1;nr
maternel;1;adj
mathias;1;nr
matinée;1;nom
matériau;1;nom
maude;1;nr
mauduit;1;nr
mausolée;1;nom
maxime;1;nom
maxwell;1;nr
mayer;1;nr
mayonnaise;1;nom
maîtriser;1;ver
mbappé;1;nr
mc;1;nr
mccartney;1;nr
mechants;1;nr
mediavilla;1;nr
meelbergs;1;nr
meesen;1;nr
megarbane;1;nr
meier;1;nr
meil;1;nr
melenchon;1;nr
menacer;1;ver
menagere;1;nr
menaçant;1;adj
mengoni;1;nr
mensuel;1;adj
mensuration;1;nom
mention;1;nom
mentionneraient;1;nr
merad;1;nr
mercadet;1;nr
mesnard;1;nr
messagerie;1;nom
messiah;1;nr
messsage;1;nr
mesurer;1;ver
meta;1;nr
metral;1;nr
metropolis;1;nr
metz;1;nr
meudon;1;nr
meurger;1;nr
mexico;1;adv
mi_femme;1;nom
michaux;1;nr
midi;1;nom
midnight;1;nr
mignon;1;adj
migration;1;nom
mihalache;1;nr
mijoter;1;ver
mike;1;nr
mile;1;nom
milky;1;nr
miller;1;nr
mimi;1;nom
miner;1;ver
minerai;1;nom
mineur;1;nom
minuscule;1;adj
miraculeusement;1;adv
miraculeux;1;adj
mirail;1;nr
mireille;1;nr
miroir;1;nom
misanthrope;1;nom
miscavige;1;nr
miss;1;nom
mistral;1;nom
mitchell;1;nr
mitterrand;1;nr
mme;1;nom_sup
mobile;1;nom
molière;1;nr
momi;1;nom
mongolien;1;adj
monica;1;nr
moniot;1;nr
monstrueux;1;adj
montagné;1;nr
montebourg;1;nr
montréal;1;nr
monumental;1;adj
mood;1;nr
moosejaw;1;nr
moquer;1;ver
moquerie;1;nom
moquette;1;nom
moqueur;1;adj
morandini;1;nr
moreau;1;adj
moreira;1;nr
morgante;1;nr
morice;1;nr
morrison;1;nr
moselle;1;nr
mothman;1;nr
motif;1;nom
motricité;1;nom
moule;1;nom
moulin;1;nom
mounir;1;nr
mourousi;1;nr
moyennant;1;pre
mozart;1;nr
muet;1;adj
mulhern;1;nr
muller;1;nr
multilingue;1;nr
multiple;1;adj
muraille;1;nom
murmure;1;nom
muscler;1;ver
musclez;1;nr
music;1;nr
musicien;1;nom
musulman;1;adj
muséum;1;nom
mutant;1;nom
muter;1;ver
mutilé;1;adj
my;1;nr
myer;1;nr
mylène;1;nr
myriam;1;nr
mysteres;1;nr
mé;1;nr
mécanisme;1;nom
méchin;1;nr
méconnaissable;1;adj
médicalement;1;adv
médicament;1;nom
médicamenteux;1;adj
méditerrané;1;adj
méduse;1;nom
méfiant;1;adj
mégalithiques;1;nr
mégot;1;nom
mélancolique;1;adj
méprisant;1;adj
méta;1;nom
métal;1;nom
métallique;1;adj
méthodologie;1;nom
métropole;1;nom
météo;1;nom
météorite;1;nom
nacir;1;nr
nakache;1;nr
nancay;1;nr
nancy;1;nr
nanti;1;nom
nanty;1;nr
narconon;1;nr
nbc;1;nr
nee;1;nr
nelson;1;nr
nes;1;nr
nessie;1;nr
nettement;1;adv
neveu;1;nom
newsmax;1;nr
nhart;1;nr
nice;1;nom
nickel;1;adj
nickerson;1;nr
niclas;1;nr
nicola;1;nr
nicole;1;nr
niel;1;nr
nier;1;ver
night;1;nr
nikki;1;nr
nina;1;nr
ninel;1;nr
ninja;1;nr
noctambule;1;adj
nocturne;1;adj
nogozones;1;nr
noiray;1;nr
nolte;1;nr
non_droit;1;nom
normandie;1;nr
nostalgie;1;nom
nostradamus;1;nr
nostradamuser;1;nr
nt1;1;nr
nu;1;adj
nucleaires;1;nr
nulle;1;adj_ind
nullement;1;adv
nuls;1;adj_ind
nupes;1;nr
nutrition;1;nom
néandertal;1;nr
néanmoins;1;con
néerlandais;1;adj
négatif;1;adj
négligé;1;adj
négocier;1;ver
obesite;1;nr
objectivement;1;adv
obligation;1;nom
observables;1;nr
observateur;1;nom
obsolète;1;adj
obstacle;1;nom
obstinément;1;adv
obséder;1;ver
obéissant;1;adj
obésité;1;nom
occulte;1;adj
occuper;1;ver
oculaire;1;adj
océanologue;1;nom
odeur;1;nom
odin;1;nr
odyssée;1;nom
office;1;nom
officialiser;1;ver
oie;1;nom
oiseau;1;nom
olga;1;nr
olive;1;nom
olympique;1;adj
oncle;1;nom
onde;1;nom
onu;1;nr
opinion;1;nom
opportuniste;1;adj
opportunité;1;nom
opposition;1;nom
optimiser;1;ver
optimiste;1;adj
optique;1;adj
opulence;1;nom
opéra;1;nom
orage;1;nom
oral;1;adj
orbite;1;nom
orchestrer;1;ver
ordinaire;1;adj
ordinateur;1;nom
ordonner;1;ver
oregon;1;nr
orfèvre;1;nom
organe;1;nom
organisateur;1;nom
oriane;1;nr
orientation;1;nom
orienter;1;ver
ormesson;1;nr
oscar;1;nom
ostréiculteur;1;nom
ostéoporose;1;nom
otage;1;nom
otzi;1;nr
oudéa;1;nr
oumuamua;1;nr
oussama;1;nr
outdoormix;1;nr
outil;1;nom
ovation;1;nom
oxygène;1;nom
p;1;nr
paccalet;1;nr
pacifique;1;adj
paco;1;nr
pagaille;1;nom
paiement;1;nom
paille;1;nom
pain;1;nom
pale;1;nom
palestinien;1;nom
palmarès;1;nom
palmer;1;nom
paloma;1;nr
panique;1;nom
paniqué;1;adj
pantalon;1;nom
panthéon;1;nom
papa;1;nom
pape;1;nom
papoter;1;ver
papouasie;1;nr
paquebot;1;nom
paques;1;nr
par_dessus;1;pre
par_mégarde;1;adv
parage;1;nom
paralysie;1;nom
paramilitaire;1;adj
paranoïaque;1;adj
parapsychique;1;adj
parc;1;nom
parcourir;1;ver
parcoursup;1;nr
pareil;1;adj
parfaire;1;ver
parigo;1;nr
parly;1;nr
parodie;1;nom
parpaing;1;nom
parquet;1;nom
particularité;1;nom
particuliere;1;nr
parvis;1;nom
pascallet;1;nr
passionnant;1;adj
passionné;1;adj
pastureau;1;nr
patate;1;nom
pathogène;1;adj
patient;1;nom
patin;1;nom
patrcie;1;nr
patricia;1;nr
patrimoine;1;nom
patrouille;1;nom
pauvreté;1;nom
paypal;1;nr
payre;1;nr
paysage;1;nom
paysan;1;nom
pdg;1;nr
pdt;1;nr
pech;1;nr
peche;1;nr
peine;1;nom
peloux;1;nr
pelt;1;nr
people;1;adj
pepin;1;nr
perarnau;1;nr
perception;1;nom
percuter;1;ver
percutèrent;1;nr
perez;1;nr
performance;1;nom
performant;1;adj
permanent;1;adj
pernicieux;1;adj
perrin;1;nr
persévérance;1;nom
pertubés;1;nr
perturbateur;1;nom
pervers;1;nom
perversion;1;nom
peser;1;ver
pesquet;1;nr
pesticide;1;nom
peter;1;nr
phare;1;nom
pharell;1;nr
pharmacologie;1;nom
phase;1;nom
philippot;1;nr
philosophie;1;nom
phlébite;1;nom
phobie;1;nom
phrasé;1;nom
physiquement;1;adv
phénicien;1;nom
phénoménal;1;adj
phénoméne;1;nr
pia;1;nr
piaf;1;nom
pialat;1;nr
pic;1;nom
picchu;1;nr
pidsley;1;nr
pierrette;1;nr
pieuvre;1;nom
pile;1;nom
pin;1;nom
pinasse;1;nom
pince;1;nom
pincer;1;ver
pink;1;nom
pion;1;nom
pionnier;1;nom
pipi;1;nom
piqûre;1;nom
pirat;1;nr
piratage;1;nom
pistolet;1;nom
pitié;1;nom
pivet;1;nr
plaine;1;nom
plamondon;1;nr
planer;1;ver
planétologue;1;nr
plaquer;1;ver
plateforme;1;nom
platine;1;nom
pleurer;1;ver
plon;1;nr
plonger;1;ver
plutôt;1;adv
plésiosaure;1;nom
poché;1;adj
poids;1;nom
poignet;1;nom
pointe;1;nom
pointilleux;1;adj
pointu;1;adj
poireau;1;nom
politologue;1;nr
pologne;1;nr
poltergheist;1;nr
polydor;1;nr
polytechnicien;1;nom
pommier;1;nom
pompeo;1;nr
ponchelot;1;nr
ponctuer;1;ver
pool;1;nom
pope;1;nom
popularité;1;nom
por;1;nr
porkbelly;1;nr
port;1;nom
portail;1;nom
porteur;1;nom
portland;1;nom
porto;1;nom
portugal;1;nr
post;1;adv
postal;1;adj
poster;1;ver
potache;1;nom
potimarron;1;nom
poudre;1;nom
poule;1;nom
poupée;1;nom
pour_cent;1;nom
pourchasser;1;ver
pourreau;1;nr
poursuivre;1;ver
pousuivre;1;nr
poutine;1;adj
power;1;nr
poète;1;nom
poëles;1;nr
pradel;1;nr
praticable;1;adj
pratiquement;1;adv
prestidigitateur;1;nom
prestigieux;1;adj
pri;1;nr
principalement;1;adv
privatisation;1;nom
privilégier;1;ver
privilégié;1;adj
pro;1;nom
probable;1;adj
processeur;1;nom
procéder;1;ver
procédure;1;nom
production;1;nom
prof;1;nom
profane;1;adj
professionnel;1;adj
profondément;1;adv
progresser;1;ver
progressivement;1;adv
projecteur;1;nom
projectif;1;adj
projectile;1;nom
projectionniste;1;nom
prolongeau;1;nr
promenade;1;nom
promener;1;ver
proment;1;nr
promesse;1;nom
promettre;1;ver
promis;1;adj
propagande;1;nom
proportion;1;nom
proposé;1;adj
propriétaire;1;nom
propriété;1;nom
prospérer;1;ver
protagoniste;1;nom
protestation;1;nom
protester;1;ver
prouesse;1;nom
provenance;1;nom
province;1;nom
provisoire;1;adj
provocation;1;nom
pré;1;nom
précession;1;nom
précognition;1;nom
préconiser;1;ver
préfèrerait;1;nr
préférable;1;adj
préféré;1;adj
préhistoire;1;nom
préhistorique;1;adj
prélever;1;ver
prénom;1;nom
prénommer;1;ver
préoccuper;1;ver
présentateur;1;nom
présidence;1;nom
prévenant;1;adj
prévenir;1;ver
préventif;1;adj
prévention;1;nom
prévision;1;nom
pseudo;1;nom_sup
pseudonyme;1;nom
psy;1;nom
psychiatrique;1;adj
psychique;1;adj
psychologie;1;nom
psychologique;1;adj
psychologiquement;1;adv
psychose;1;nom
psychothérapeute;1;nom
publication;1;nom
puisque;1;con
punition;1;nom
punk;1;nom
purification;1;nom
purifier;1;ver
puymartin;1;nr
puériculture;1;nom
pyjama;1;nom
pyromane;1;nom
pâques;1;nom
péchenard;1;nr
pédiatre;1;nom
pénurie;1;nom
pénélope;1;nr
pénétration;1;nom
pénétrer;1;ver
périlleux;1;adj
pétillant;1;adj
qg;1;nr
qq;1;nr
quadragénaire;1;nom
qualifier;1;ver
quantité;1;nom
quarante;1;adj_num
quarante_trois;1;adj_num
quasiment;1;adv
quelques_uns;1;pro_ind
quenard;1;nr
quentin;1;nr
questionner;1;ver
quete;1;nr
queue;1;nom
quinn;1;nr
quinquennat;1;nom
quinzaine;1;nom
québécois;1;adj
r;1;nr
rabanne;1;nr
rabrouer;1;ver
racial;1;adj
racine;1;nom
raciste;1;adj
radiation;1;nom
radicalité;1;nr
radieux;1;adj
radioactivité;1;nom
radiotéléscope;1;nr
raffermir;1;ver
raging;1;nr
rai;1;nom
rajouter;1;ver
rallumer;1;ver
rambaldi;1;nr
ramzy;1;nr
rang;1;nom
rangement;1;nom
ranger;1;nom
raoust;1;nr
raquette;1;nom
rassembler;1;ver
rassurer;1;ver
ratafia;1;nom
ratajkowski;1;nr
ratio;1;nom
rationnel;1;adj
rattraper;1;ver
rauque;1;adj
ravager;1;ver
ravalement;1;nom
ravitaillement;1;nom
raynaud;1;nr
rayonnement;1;nom
razjman;1;nr
realisateurs;1;nr
receler;1;ver
rechercher;1;ver
reclus;1;adj
recommencer;1;ver
reconnaissance;1;nom
reconsidérer;1;ver
recouper;1;ver
recrue;1;nom
recruter;1;ver
recruteur;1;nom
redoutable;1;adj
reflet;1;nom
regagner;1;ver
regnier;1;nr
regretter;1;ver
regrouper;1;ver
reisch;1;nr
rejet;1;nom
rejeté;1;adj
relais;1;nom
relatif;1;adj
relativité;1;nom
relaxation;1;nom
relier;1;ver
relique;1;nom
relâcher;1;ver
remanier;1;ver
remarque;1;nom
remercier;1;ver
remo;1;nr
remontant;1;nom
remplaçant;1;nom
rempli;1;adj
remplir;1;ver
remporter;1;ver
renan;1;nr
renard;1;nom
renaître;1;ver
renforcer;1;ver
renne;1;nom
renouer;1;ver
renseigner;1;ver
renversement;1;nom
renverser;1;ver
renvoyer;1;ver
renâcler;1;ver
repartir;1;ver
repasser;1;ver
repenti;1;adj
repeupler;1;ver
replier;1;ver
repond;1;nr
reposer;1;ver
reproducteur;1;nom
reproductif;1;adj
reptile;1;nom
reptilien;1;adj
requin;1;nom
requête;1;nom
resistance;1;nr
respecter;1;ver
respecteuses;1;nr
ressemblance;1;nom
ressort;1;nom
ressurgir;1;ver
resto;1;nom
retenir;1;ver
retraité;1;nom
retransmission;1;nom
reuters;1;nr
reveneault;1;nr
revisitées;1;nr
revoir;1;nom
revèle;1;nr
revêtir;1;ver
rheibihi;1;nr
rhumatologue;1;nom
rhône;1;nr
richesse;1;nom
rico;1;nr
rideau;1;nom
rigoureux;1;adj
rigsby;1;nr
rihanna;1;nr
rihouet;1;nr
risque;1;nom
rival;1;nom
rivaliser;1;ver
rive;1;nom
rivera;1;nr
rivers;1;nr
rivier;1;nr
rne;1;nr
roberto;1;nr
rocard;1;nr
roch;1;nr
rocher;1;nom
rocheux;1;adj
rodolphe;1;nr
rodrigoox;1;nr
roles;1;nr
roll;1;nom
romance;1;nom
romancier;1;nom
romantisme;1;nom
romejko;1;nr
romuald;1;nr
ron;1;nom
ronald;1;nr
rond;1;nom
ronde;1;nom
rondeau;1;nom
rosenberg;1;nr
rossano;1;nr
rotation;1;nom
roudinesco;1;nr
rougeâtre;1;adj
rouler;1;ver
roumanie;1;nr
roussel;1;nr
rousselot;1;nr
rowling;1;nr
rozières;1;nr
rtf;1;nr
rtl;1;nr
ruban;1;nom
rufus;1;nr
ruitenbeek;1;nr
russell;1;nr
rusticité;1;nom
ryanair;1;nr
règle;1;nom
règlementaires;1;nr
récupération;1;nom
récurrence;1;nom
réellement;1;adv
réformateur;1;nom
réformer;1;ver
régime;1;nom
régir;1;ver
régler;1;ver
régner;1;ver
régulier;1;adj
régénérer;1;ver
réhabilitation;1;nom
réincarnation;1;nom
réion;1;nr
réparer;1;ver
répartir;1;ver
répartition;1;nom
républicain;1;adj
répétition;1;nom
réserver;1;ver
résidu;1;nom
résolument;1;adv
résonner;1;ver
résumé;1;nom
résurrection;1;nom
rétrospective;1;nom
rétrécisseurs;1;nr
réveillon;1;nom
réviser;1;ver
révolu;1;adj
révolution;1;nom
révolutionne;1;nr
révolutionner;1;ver
révélateur;1;adj
rééducation;1;nom
sable;1;nom
sabrina;1;nr
sacree;1;nr
saga;1;nom
sage;1;adj
sahara;1;nr
saidani;1;nr
saigner;1;ver
saint_pierre;1;nom
saisie;1;nom
salarié;1;nom
sale;1;adj
salon;1;nom
saltiel;1;nr
saluer;1;ver
samia;1;nr
san;1;nr
sanchez;1;nr
sanction;1;nom
sandwich;1;nom
sanguinaire;1;adj
sanitaire;1;adj
santos;1;nr
sapiens;1;adj
saporta;1;nr
sara;1;nom
sarcophage;1;nom
sarkozy;1;nr
satan;1;nom
satanique;1;adj
sattelite;1;nr
sauna;1;nom
saunière;1;nr
sauter;1;ver
sauveur;1;nom
savoie;1;nr
savoir_faire;1;nom
saxophoniste;1;nom
saône;1;nr
scepticisme;1;nom
schrameck;1;nr
schroeder;1;nr
schuck;1;nr
schworzeintgarner;1;nr
schéma;1;nom
scintillant;1;adj
sco;1;nr
scola;1;nr
sconsacrée;1;nr
scotch;1;nom
sculpter;1;ver
sculpteur;1;nom
secondaire;1;adj
seconde;1;nom
secours;1;nom
secousse;1;nom
seen;1;nr
segal;1;nr
sekulic;1;nr
senghor;1;nr
sensation;1;nom
sensibilité;1;nom
sensuel;1;adj
sentiment;1;nom
seringue;1;nom
serment;1;nom
serra;1;nom
serrat;1;nr
serrer;1;ver
serré;1;adj
sertili;1;nr
seti;1;nr
sex;1;nr
sexe;1;nom
seying;1;nr
shadow;1;nr
shampooing;1;nom
sharko;1;nr
shasta;1;nr
shatner;1;nr
sheahan;1;nr
sheila;1;nr
sherryl;1;nr
shodas;1;nr
shredder;1;nr
shyamalan;1;nr
shérif;1;nom
siaud;1;nr
sicile;1;nr
sidérants;1;nr
sigle;1;nom
signer;1;ver
silence;1;nom
sillonner;1;ver
silvia;1;nr
similitude;1;nom
simone;1;nr
simplicité;1;nom
sing;1;nr
sinodrome;1;nr
sirpa;1;nr
sisto;1;nr
sitcom;1;nom
six;1;adj_num
sixième;1;adj
ski;1;nom
skinner;1;nr
skinwalker;1;nr
slogan;1;nom
slpêtrière;1;nr
smicard;1;nom
sobeps;1;nr
soderbergh;1;nr
soi_même;1;pro_per
solange;1;nr
solidifier;1;ver
soliveres;1;nr
solliciter;1;ver
sondage;1;nom
songs;1;nr
sonia;1;nr
sonner;1;ver
sosie;1;nom
souche;1;nom
souci;1;nom
soudainement;1;adv
souder;1;ver
souffler;1;ver
souffleur;1;nom
souffrir;1;ver
soul;1;nom
soulagement;1;nom
soulager;1;ver
soulier;1;nom
soupe;1;nom
sourd_muet;1;adj
sous_bois;1;nom
sous_titrers;1;nr
souscription;1;nom
soutien;1;nom
souverain;1;nom
space;1;nr
spatio_temporel;1;adj
spd;1;nr
spectre;1;nom
speed;1;nom
sperme;1;nom
spirale;1;nom
spirituel;1;adj
spontané;1;adj
spontanément;1;adv
spot;1;nom
spécial;1;adj
squat;1;nom
squelette;1;nom
stade;1;nom
stand;1;nom
standing;1;nom
stanford;1;nr
starmag;1;nr
statisticien;1;nom
statistiquement;1;adv
stature;1;nom
stefan;1;nr
stefano;1;nr
story;1;nr
stratégie;1;nom
stream;1;nr
stressant;1;adj
stresser;1;ver
stupéfait;1;adj
stylers;1;nr
stéphanie;1;nr
subodorer;1;ver
substitut;1;nom
subtiliser;1;ver
subvenir;1;ver
subvention;1;nom
succéder;1;ver
sucette;1;nom
sudation;1;nom
suer;1;ver
suisse;1;adj
suivents;1;nr
sumérien;1;nom
sumériennes;1;nr
sumériens;1;nr
sundberg;1;nr
superficialité;1;nom
superficiel;1;adj
superman;1;nom
superstition;1;nom
supplémentaire;1;adj
supprimer;1;ver
surdosées;1;nr
surdoué;1;nom
surfeur;1;nom
surhumain;1;adj
surmonter;1;ver
surplus;1;nom
surprotégée;1;nr
surt;1;nr
surveillant;1;nom
survenir;1;ver
survie;1;nom
survoler;1;ver
survolté;1;adj
survêtement;1;nom
susan;1;nr
suspense;1;nom
suède;1;nom
suédois;1;adj
sveta;1;nr
swing;1;nom
sylvain;1;nom
symboliser;1;ver
sympa;1;adj
synonyme;1;adj
sécrétaire;1;nr
sécuritaires;1;nr
sécurité;1;nom
séjourner;1;ver
sélection;1;nom
sépulture;1;nom
sérieux;1;adj
sérénité;1;nom
sévir;1;ver
sûr;1;adj
tabac;1;nom
tablette;1;nom
tad;1;nr
talon;1;nom
tamara;1;nr
tandem;1;nom
tandis_qu;1;con
tanguy;1;nr
tania;1;nr
taper;1;ver
tapir;1;ver
tapis;1;nom
tarder;1;ver
tarentino;1;nr
tarif;1;nom
taux;1;nom
taxe;1;nom
te;1;pro_per
tech;1;nr
technodrome;1;nr
teint;1;nom
teinter;1;ver
tellement;1;adv
telles;1;adj_ind
tempete;1;nr
tempête;1;nom
tendresse;1;nom
tennis;1;nom
tentant;1;adj
tentative;1;nom
terminer;1;ver
terrer;1;ver
terrier;1;nom
terroir;1;nom
tertre;1;nom
tes;1;adj_pos
testament;1;nom
that;1;nr
thau;1;nr
thea;1;nr
thinnes;1;nr
thor;1;nr
thuan;1;nr
thunberg;1;nr
thé;1;nom
théo;1;nom
thérapie;1;nom
tic_tac;1;nom
tik;1;nr
tiktok;1;nr
time;1;nr
times;1;nr
tir;1;nom
tirade;1;nom
tirard;1;nr
tirer;1;ver
tis;1;nr
tisser;1;ver
tissu;1;nom
titanic;1;nr
toast;1;nom
toaster;1;nom
tognini;1;nr
tok;1;nr
tommaso;1;nr
tondu;1;adj
tonifier;1;ver
tonne;1;nom
tootsie;1;nr
tordeur;1;nom
tordre;1;ver
tortue;1;nom
touchant;1;adj
tourisme;1;nom
touriste;1;nom
tournée;1;nom
tousch;1;nr
toutankhamon;1;nr
touteunehistoire;1;nr
touzet;1;nr
toxicologie;1;nom
tractation;1;nom
tracz;1;nr
traditionnel;1;adj
traduire;1;ver
trahir;1;ver
trainer;1;nr
trait;1;nom
transit;1;nom
transport;1;nom
transsexuel;1;adj
trapéziste;1;nom
traumatiser;1;ver
traumatisme;1;nom
traverser;1;ver
travis;1;nr
tremblement;1;nom
trempe;1;nom
treut;1;nr
trinh;1;nr
triplé;1;nom
trocadéro;1;nr
troglodyte;1;nom
troglodytique;1;adj
tromper;1;ver
tromperie;1;nom
trompette;1;nom
trophée;1;nom
trottoir;1;nom
trouble;1;nom
true;1;nr
truquage;1;nom
truqué;1;adj
tuc;1;nr
tueur;1;nom
tumler;1;nr
tune;1;nom
turckheim;1;nr
tutos;1;nr
téhéran;1;nr
télespectateurs;1;nr
télespectatrice;1;nr
télécom;1;nr
télépathique;1;adj
téléphonique;1;adj
téléportation;1;nom
téléporté;1;nr
téléthon;1;nr
télétrottoir;1;nr
télévisuel;1;adj
tétraèdre;1;nr
ubiquitaire;1;adj
ufologiques;1;nr
ufologistes;1;nr
uk;1;nr
ukrain;1;nr
ultra;1;adj
ultra_secret;1;adj
ultra_violettes;1;nr
ultérieur;1;adj
ultérieurement;1;adv
unanimité;1;nom
uneminéralogue;1;nr
uniquement;1;adv
units;1;nr
unité;1;nom
universel;1;adj
unnites;1;nr
urgent;1;adj
urne;1;nom
urs;1;nr
ursula;1;nr
usine;1;nom
utile;1;adj
utilisateur;1;nom
utilisation;1;nom
utilité;1;nom
vacance;1;nom
vacancier;1;nom
vahiné;1;nom
vain;1;adj
vainement;1;adv
valable;1;adj
valeur;1;nom
valide;1;adj
valoir;1;ver
valorisation;1;nom
valorisent;1;nr
valoriser;1;ver
valéry;1;nr
vandalisations;1;nr
vandalisée;1;nr
vandalisées;1;nr
vanessa;1;nr
vanier;1;nr
vanter;1;ver
variation;1;nom
variété;1;nom
vassilyevitch;1;nr
vatrin;1;nr
vauclair;1;nr
vaucluse;1;nr
veau;1;nom
vedette;1;nom
veilleraient;1;nr
veine;1;nom
veineux;1;adj
velasco;1;nr
veloclub;1;nr
velouté;1;adj
vengeance;1;nom
ventre;1;nom
vergeture;1;nom
vergnas;1;nr
veste;1;nom
vexer;1;ver
viana;1;nr
vice;1;nom
vice_présidentt;1;nr
vico;1;nr
victoire;1;nom
victor;1;nr
vide;1;adj
vidéoclip;1;nom
vieil;1;adj
vigan;1;nr
vigoureusement;1;adv
viii;1;nr
villageois;1;nom
villepin;1;nr
villeret;1;nr
vintage;1;nom
viol;1;nom
violemment;1;adv
violent;1;adj
violer;1;ver
violon;1;nom
virage;1;nom
virginie;1;nom
virgule;1;nom
visa;1;nom
viscère;1;nom
visiblement;1;adv
visionnaire;1;nom
visiophone;1;nom
visualiser;1;ver
visée;1;nom
vitamine;1;nom
vitre;1;nom
vitrine;1;nom
vittel;1;nr
vivement;1;adv
vladimir;1;nr
volaille;1;nom
volcan;1;nom
volontairement;1;adv
volontariat;1;nom
volonté;1;nom
voltaire;1;nom
von;1;nr
vostock;1;nr
vote;1;nom
voter;1;ver
vouer;1;ver
vraisemblable;1;adj
vs;1;nr
vsd;1;nr
végans;1;nr
végétarien;1;adj
waintraub;1;nr
walter;1;nom
walton;1;nr
warner;1;nr
way;1;nr
wc;1;nr
we;1;nr
webb;1;nr
wheelford;1;nr
wiggin;1;nr
wikileaks;1;nr
wilson;1;nr
wintour;1;nr
works;1;nr
wydzynska;1;nr
xerox;1;nr
xiv;1;nr
xuan;1;nr
xvi;1;nr
yasmina;1;nr
yaël;1;nr
yohan;1;nr
york;1;nom
young;1;nr
yuki;1;nr
yvelynes;1;nr
yé_yé;1;nom
z;1;nom
zabou;1;nr
zarff;1;nr
zazou;1;nom
zelensky;1;nr
zero;1;nr
zetein;1;nr
zinzin;1;adj
zitrone;1;nr
zizanien;1;nr
zoophagie;1;nr
zébulon;1;nr
zététique;1;nr
à_l_encontre;1;pre
âne;1;nom
ébahir;1;ver
ébranler;1;ver
écart;1;nom
échange;1;nom
échauffourée;1;nom
échec;1;nom
échelon;1;nom
échiquier;1;nom
écho;1;nom
échouer;1;ver
éclaircir;1;ver
éclairer;1;ver
éclairé;1;adj
éclat;1;nom
écologiste;1;adj
économiser;1;ver
écouler;1;ver
écoulé;1;adj
éd;1;nr
éditer;1;ver
éduquer;1;ver
ée;1;nr
ées;1;nr
égarer;1;ver
égoïste;1;adj
éjecter;1;ver
électoral;1;adj
électrifier;1;ver
électromètre;1;nom
élever;1;ver
éleveur;1;nom
éloquence;1;nom
élu;1;nom
élucider;1;ver
élégant;1;adj
élévées;1;nr
émigration;1;nom
émilie;1;nr
émotionnel;1;adj
émouvoir;1;ver
ému;1;adj
émérite;1;adj
énergumène;1;nom
énormément;1;adv
épanouir;1;ver
épanouissement;1;nom
épargner;1;ver
éperdument;1;adv
éphémère;1;adj
éplucher;1;ver
épreuve;1;nom
épuiser;1;ver
épurer;1;ver
équalizer;1;nr
équilibré;1;adj
équivalante;1;nr
éradiquer;1;ver
éric;1;nr
érotique;1;adj
étaint;1;nr
étang;1;nom
étape;1;nom
étendre;1;ver
éthinol;1;nr
étonner;1;ver
étouffer;1;ver
étudier;1;ver
évacuation;1;nom
évader;1;ver
évasif;1;adj
évasion;1;nom
éveiller;1;ver
éventrer;1;ver
éventré;1;adj
éventuel;1;adj
évidence;1;nom
évident;1;adj
évènement;1;nom